2026-03-12 11:17:07,557 [Worker-7: Loading available Gradle versions] INFO  o.e.b.c.i.u.g.PublishedGradleVersions - Gradle version information cache is not available. Remote download required.
2026-03-12 11:17:28,820 [Worker-20: Importing Maven projects] INFO  o.e.m.c.i.l.LifecycleMappingFactory - Using org.eclipse.m2e.jdt.JarLifecycleMapping lifecycle mapping for MavenProject: com.jao.spring.graphql:RecetasGraphql:0.0.1-SNAPSHOT @ C:\Users\user\Documents\Juan PC guillermo SpringAngularAWS\WORKSPACES\workspaceGQL\RecetasGraphql\pom.xml.
2026-03-12 11:17:29,155 [Worker-20: Importing Maven projects] INFO  o.e.m.c.i.e.AbstractTransferListenerAdapter - Downloading https://repo.maven.apache.org/maven2/org/springframework/boot/spring-boot-starter-graphql/4.0.3/spring-boot-starter-graphql-4.0.3.pom
2026-03-12 11:17:29,196 [Worker-20: Importing Maven projects] INFO  o.e.m.c.i.e.AbstractTransferListenerAdapter - Downloaded https://repo.maven.apache.org/maven2/org/springframework/boot/spring-boot-starter-graphql/4.0.3/spring-boot-starter-graphql-4.0.3.pom
2026-03-12 11:17:30,341 [Worker-20: Importing Maven projects] INFO  o.e.m.c.i.e.AbstractTransferListenerAdapter - Downloading https://repo.maven.apache.org/maven2/org/springframework/boot/spring-boot-graphql/4.0.3/spring-boot-graphql-4.0.3.pom
2026-03-12 11:17:30,391 [Worker-20: Importing Maven projects] INFO  o.e.m.c.i.e.AbstractTransferListenerAdapter - Downloaded https://repo.maven.apache.org/maven2/org/springframework/boot/spring-boot-graphql/4.0.3/spring-boot-graphql-4.0.3.pom
2026-03-12 11:17:30,425 [Worker-20: Importing Maven projects] INFO  o.e.m.c.i.e.AbstractTransferListenerAdapter - Downloading https://repo.maven.apache.org/maven2/org/springframework/graphql/spring-graphql/2.0.2/spring-graphql-2.0.2.pom
2026-03-12 11:17:30,454 [Worker-20: Importing Maven projects] INFO  o.e.m.c.i.e.AbstractTransferListenerAdapter - Downloaded https://repo.maven.apache.org/maven2/org/springframework/graphql/spring-graphql/2.0.2/spring-graphql-2.0.2.pom
2026-03-12 11:17:30,487 [Worker-20: Importing Maven projects] INFO  o.e.m.c.i.e.AbstractTransferListenerAdapter - Downloading https://repo.maven.apache.org/maven2/com/graphql-java/graphql-java/25.0/graphql-java-25.0.pom
2026-03-12 11:17:30,529 [Worker-20: Importing Maven projects] INFO  o.e.m.c.i.e.AbstractTransferListenerAdapter - Downloaded https://repo.maven.apache.org/maven2/com/graphql-java/graphql-java/25.0/graphql-java-25.0.pom
2026-03-12 11:17:30,561 [Worker-20: Importing Maven projects] INFO  o.e.m.c.i.e.AbstractTransferListenerAdapter - Downloading https://repo.maven.apache.org/maven2/com/graphql-java/java-dataloader/6.0.0/java-dataloader-6.0.0.pom
2026-03-12 11:17:30,586 [Worker-20: Importing Maven projects] INFO  o.e.m.c.i.e.AbstractTransferListenerAdapter - Downloaded https://repo.maven.apache.org/maven2/com/graphql-java/java-dataloader/6.0.0/java-dataloader-6.0.0.pom
2026-03-12 11:17:30,640 [Worker-20: Importing Maven projects] INFO  o.e.m.c.i.e.AbstractTransferListenerAdapter - Downloading https://repo.maven.apache.org/maven2/io/projectreactor/reactor-core/3.8.3/reactor-core-3.8.3.pom
2026-03-12 11:17:30,664 [Worker-20: Importing Maven projects] INFO  o.e.m.c.i.e.AbstractTransferListenerAdapter - Downloaded https://repo.maven.apache.org/maven2/io/projectreactor/reactor-core/3.8.3/reactor-core-3.8.3.pom
2026-03-12 11:17:30,694 [Worker-20: Importing Maven projects] INFO  o.e.m.c.i.e.AbstractTransferListenerAdapter - Downloading https://repo.maven.apache.org/maven2/io/micrometer/context-propagation/1.2.1/context-propagation-1.2.1.pom
2026-03-12 11:17:30,721 [Worker-20: Importing Maven projects] INFO  o.e.m.c.i.e.AbstractTransferListenerAdapter - Downloaded https://repo.maven.apache.org/maven2/io/micrometer/context-propagation/1.2.1/context-propagation-1.2.1.pom
2026-03-12 11:17:30,754 [Worker-20: Importing Maven projects] INFO  o.e.m.c.i.e.AbstractTransferListenerAdapter - Downloading https://repo.maven.apache.org/maven2/org/springframework/boot/spring-boot-starter-graphql-test/4.0.3/spring-boot-starter-graphql-test-4.0.3.pom
2026-03-12 11:17:30,781 [Worker-20: Importing Maven projects] INFO  o.e.m.c.i.e.AbstractTransferListenerAdapter - Downloaded https://repo.maven.apache.org/maven2/org/springframework/boot/spring-boot-starter-graphql-test/4.0.3/spring-boot-starter-graphql-test-4.0.3.pom
2026-03-12 11:17:31,566 [Worker-20: Importing Maven projects] INFO  o.e.m.c.i.e.AbstractTransferListenerAdapter - Downloading https://repo.maven.apache.org/maven2/org/springframework/boot/spring-boot-starter-jackson-test/4.0.3/spring-boot-starter-jackson-test-4.0.3.pom
2026-03-12 11:17:31,591 [Worker-20: Importing Maven projects] INFO  o.e.m.c.i.e.AbstractTransferListenerAdapter - Downloaded https://repo.maven.apache.org/maven2/org/springframework/boot/spring-boot-starter-jackson-test/4.0.3/spring-boot-starter-jackson-test-4.0.3.pom
2026-03-12 11:17:31,631 [Worker-20: Importing Maven projects] INFO  o.e.m.c.i.e.AbstractTransferListenerAdapter - Downloading https://repo.maven.apache.org/maven2/org/springframework/boot/spring-boot-graphql-test/4.0.3/spring-boot-graphql-test-4.0.3.pom
2026-03-12 11:17:31,668 [Worker-20: Importing Maven projects] INFO  o.e.m.c.i.e.AbstractTransferListenerAdapter - Downloaded https://repo.maven.apache.org/maven2/org/springframework/boot/spring-boot-graphql-test/4.0.3/spring-boot-graphql-test-4.0.3.pom
2026-03-12 11:17:31,704 [Worker-20: Importing Maven projects] INFO  o.e.m.c.i.e.AbstractTransferListenerAdapter - Downloading https://repo.maven.apache.org/maven2/org/springframework/graphql/spring-graphql-test/2.0.2/spring-graphql-test-2.0.2.pom
2026-03-12 11:17:31,730 [Worker-20: Importing Maven projects] INFO  o.e.m.c.i.e.AbstractTransferListenerAdapter - Downloaded https://repo.maven.apache.org/maven2/org/springframework/graphql/spring-graphql-test/2.0.2/spring-graphql-test-2.0.2.pom
2026-03-12 11:17:31,765 [Worker-20: Importing Maven projects] INFO  o.e.m.c.i.e.AbstractTransferListenerAdapter - Downloading https://repo.maven.apache.org/maven2/org/springframework/boot/spring-boot-webtestclient/4.0.3/spring-boot-webtestclient-4.0.3.pom
2026-03-12 11:17:31,791 [Worker-20: Importing Maven projects] INFO  o.e.m.c.i.e.AbstractTransferListenerAdapter - Downloaded https://repo.maven.apache.org/maven2/org/springframework/boot/spring-boot-webtestclient/4.0.3/spring-boot-webtestclient-4.0.3.pom
2026-03-12 11:17:31,820 [Worker-20: Importing Maven projects] INFO  o.e.m.c.i.e.AbstractTransferListenerAdapter - Downloading https://repo.maven.apache.org/maven2/org/springframework/boot/spring-boot-http-codec/4.0.3/spring-boot-http-codec-4.0.3.pom
2026-03-12 11:17:31,847 [Worker-20: Importing Maven projects] INFO  o.e.m.c.i.e.AbstractTransferListenerAdapter - Downloaded https://repo.maven.apache.org/maven2/org/springframework/boot/spring-boot-http-codec/4.0.3/spring-boot-http-codec-4.0.3.pom
2026-03-12 11:17:31,906 [Worker-20: Importing Maven projects] INFO  o.e.m.c.i.e.AbstractTransferListenerAdapter - Downloading https://repo.maven.apache.org/maven2/org/springframework/spring-webflux/7.0.5/spring-webflux-7.0.5.pom
2026-03-12 11:17:31,932 [Worker-20: Importing Maven projects] INFO  o.e.m.c.i.e.AbstractTransferListenerAdapter - Downloaded https://repo.maven.apache.org/maven2/org/springframework/spring-webflux/7.0.5/spring-webflux-7.0.5.pom
2026-03-12 11:17:32,064 [Worker-20: Importing Maven projects] INFO  o.e.m.c.i.e.AbstractTransferListenerAdapter - Downloading https://repo.maven.apache.org/maven2/org/springframework/boot/spring-boot-starter-graphql/4.0.3/spring-boot-starter-graphql-4.0.3.jar
2026-03-12 11:17:32,111 [Worker-20: Importing Maven projects] INFO  o.e.m.c.i.e.AbstractTransferListenerAdapter - Downloaded https://repo.maven.apache.org/maven2/org/springframework/boot/spring-boot-starter-graphql/4.0.3/spring-boot-starter-graphql-4.0.3.jar
2026-03-12 11:17:32,138 [BasicRepositoryConnector-repo.maven.apache.org-0-1] INFO  o.e.m.c.i.e.AbstractTransferListenerAdapter - Downloading https://repo.maven.apache.org/maven2/org/springframework/graphql/spring-graphql/2.0.2/spring-graphql-2.0.2.jar
2026-03-12 11:17:32,183 [BasicRepositoryConnector-repo.maven.apache.org-0-0] INFO  o.e.m.c.i.e.AbstractTransferListenerAdapter - Downloading https://repo.maven.apache.org/maven2/org/springframework/boot/spring-boot-graphql/4.0.3/spring-boot-graphql-4.0.3.jar
2026-03-12 11:17:32,205 [BasicRepositoryConnector-repo.maven.apache.org-0-3] INFO  o.e.m.c.i.e.AbstractTransferListenerAdapter - Downloading https://repo.maven.apache.org/maven2/com/graphql-java/java-dataloader/6.0.0/java-dataloader-6.0.0.jar
2026-03-12 11:17:32,210 [BasicRepositoryConnector-repo.maven.apache.org-0-4] INFO  o.e.m.c.i.e.AbstractTransferListenerAdapter - Downloading https://repo.maven.apache.org/maven2/io/projectreactor/reactor-core/3.8.3/reactor-core-3.8.3.jar
2026-03-12 11:17:32,236 [BasicRepositoryConnector-repo.maven.apache.org-0-2] INFO  o.e.m.c.i.e.AbstractTransferListenerAdapter - Downloading https://repo.maven.apache.org/maven2/com/graphql-java/graphql-java/25.0/graphql-java-25.0.jar
2026-03-12 11:17:32,281 [BasicRepositoryConnector-repo.maven.apache.org-0-0] INFO  o.e.m.c.i.e.AbstractTransferListenerAdapter - Downloaded https://repo.maven.apache.org/maven2/org/springframework/boot/spring-boot-graphql/4.0.3/spring-boot-graphql-4.0.3.jar
2026-03-12 11:17:32,297 [BasicRepositoryConnector-repo.maven.apache.org-0-3] INFO  o.e.m.c.i.e.AbstractTransferListenerAdapter - Downloaded https://repo.maven.apache.org/maven2/com/graphql-java/java-dataloader/6.0.0/java-dataloader-6.0.0.jar
2026-03-12 11:17:32,349 [BasicRepositoryConnector-repo.maven.apache.org-0-1] INFO  o.e.m.c.i.e.AbstractTransferListenerAdapter - Downloaded https://repo.maven.apache.org/maven2/org/springframework/graphql/spring-graphql/2.0.2/spring-graphql-2.0.2.jar
2026-03-12 11:17:32,365 [BasicRepositoryConnector-repo.maven.apache.org-0-3] INFO  o.e.m.c.i.e.AbstractTransferListenerAdapter - Downloading https://repo.maven.apache.org/maven2/org/springframework/boot/spring-boot-starter-graphql-test/4.0.3/spring-boot-starter-graphql-test-4.0.3.jar
2026-03-12 11:17:32,365 [BasicRepositoryConnector-repo.maven.apache.org-0-0] INFO  o.e.m.c.i.e.AbstractTransferListenerAdapter - Downloading https://repo.maven.apache.org/maven2/io/micrometer/context-propagation/1.2.1/context-propagation-1.2.1.jar
2026-03-12 11:17:32,408 [BasicRepositoryConnector-repo.maven.apache.org-0-3] INFO  o.e.m.c.i.e.AbstractTransferListenerAdapter - Downloaded https://repo.maven.apache.org/maven2/org/springframework/boot/spring-boot-starter-graphql-test/4.0.3/spring-boot-starter-graphql-test-4.0.3.jar
2026-03-12 11:17:32,449 [BasicRepositoryConnector-repo.maven.apache.org-0-1] INFO  o.e.m.c.i.e.AbstractTransferListenerAdapter - Downloading https://repo.maven.apache.org/maven2/org/springframework/boot/spring-boot-starter-jackson-test/4.0.3/spring-boot-starter-jackson-test-4.0.3.jar
2026-03-12 11:17:32,490 [BasicRepositoryConnector-repo.maven.apache.org-0-1] INFO  o.e.m.c.i.e.AbstractTransferListenerAdapter - Downloaded https://repo.maven.apache.org/maven2/org/springframework/boot/spring-boot-starter-jackson-test/4.0.3/spring-boot-starter-jackson-test-4.0.3.jar
2026-03-12 11:17:32,495 [BasicRepositoryConnector-repo.maven.apache.org-0-3] INFO  o.e.m.c.i.e.AbstractTransferListenerAdapter - Downloading https://repo.maven.apache.org/maven2/org/springframework/boot/spring-boot-graphql-test/4.0.3/spring-boot-graphql-test-4.0.3.jar
2026-03-12 11:17:32,575 [BasicRepositoryConnector-repo.maven.apache.org-0-1] INFO  o.e.m.c.i.e.AbstractTransferListenerAdapter - Downloading https://repo.maven.apache.org/maven2/org/springframework/graphql/spring-graphql-test/2.0.2/spring-graphql-test-2.0.2.jar
2026-03-12 11:17:32,635 [BasicRepositoryConnector-repo.maven.apache.org-0-1] INFO  o.e.m.c.i.e.AbstractTransferListenerAdapter - Downloaded https://repo.maven.apache.org/maven2/org/springframework/graphql/spring-graphql-test/2.0.2/spring-graphql-test-2.0.2.jar
2026-03-12 11:17:32,701 [BasicRepositoryConnector-repo.maven.apache.org-0-1] INFO  o.e.m.c.i.e.AbstractTransferListenerAdapter - Downloading https://repo.maven.apache.org/maven2/org/springframework/boot/spring-boot-webtestclient/4.0.3/spring-boot-webtestclient-4.0.3.jar
2026-03-12 11:17:32,744 [BasicRepositoryConnector-repo.maven.apache.org-0-3] INFO  o.e.m.c.i.e.AbstractTransferListenerAdapter - Downloaded https://repo.maven.apache.org/maven2/org/springframework/boot/spring-boot-graphql-test/4.0.3/spring-boot-graphql-test-4.0.3.jar
2026-03-12 11:17:32,778 [BasicRepositoryConnector-repo.maven.apache.org-0-3] INFO  o.e.m.c.i.e.AbstractTransferListenerAdapter - Downloading https://repo.maven.apache.org/maven2/org/springframework/boot/spring-boot-http-codec/4.0.3/spring-boot-http-codec-4.0.3.jar
2026-03-12 11:17:32,803 [BasicRepositoryConnector-repo.maven.apache.org-0-0] INFO  o.e.m.c.i.e.AbstractTransferListenerAdapter - Downloaded https://repo.maven.apache.org/maven2/io/micrometer/context-propagation/1.2.1/context-propagation-1.2.1.jar
2026-03-12 11:17:32,860 [BasicRepositoryConnector-repo.maven.apache.org-0-0] INFO  o.e.m.c.i.e.AbstractTransferListenerAdapter - Downloading https://repo.maven.apache.org/maven2/org/springframework/spring-webflux/7.0.5/spring-webflux-7.0.5.jar
2026-03-12 11:17:32,902 [BasicRepositoryConnector-repo.maven.apache.org-0-1] INFO  o.e.m.c.i.e.AbstractTransferListenerAdapter - Downloaded https://repo.maven.apache.org/maven2/org/springframework/boot/spring-boot-webtestclient/4.0.3/spring-boot-webtestclient-4.0.3.jar
2026-03-12 11:17:33,165 [BasicRepositoryConnector-repo.maven.apache.org-0-3] INFO  o.e.m.c.i.e.AbstractTransferListenerAdapter - Downloaded https://repo.maven.apache.org/maven2/org/springframework/boot/spring-boot-http-codec/4.0.3/spring-boot-http-codec-4.0.3.jar
2026-03-12 11:17:33,179 [BasicRepositoryConnector-repo.maven.apache.org-0-0] INFO  o.e.m.c.i.e.AbstractTransferListenerAdapter - Downloaded https://repo.maven.apache.org/maven2/org/springframework/spring-webflux/7.0.5/spring-webflux-7.0.5.jar
2026-03-12 11:17:33,501 [BasicRepositoryConnector-repo.maven.apache.org-0-4] INFO  o.e.m.c.i.e.AbstractTransferListenerAdapter - Downloaded https://repo.maven.apache.org/maven2/io/projectreactor/reactor-core/3.8.3/reactor-core-3.8.3.jar
2026-03-12 11:17:33,829 [BasicRepositoryConnector-repo.maven.apache.org-0-2] INFO  o.e.m.c.i.e.AbstractTransferListenerAdapter - Downloaded https://repo.maven.apache.org/maven2/com/graphql-java/graphql-java/25.0/graphql-java-25.0.jar
2026-03-12 11:17:34,561 [Worker-20: Importing Maven projects] INFO  o.e.m.j.i.AbstractJavaProjectConfigurator - Adding source folder /RecetasGraphql/src/main/java
2026-03-12 11:17:34,564 [Worker-20: Importing Maven projects] INFO  o.e.m.j.i.AbstractJavaProjectConfigurator - Adding resource folder /RecetasGraphql/src/main/resources
2026-03-12 11:17:34,575 [Worker-20: Importing Maven projects] INFO  o.e.m.j.i.AbstractJavaProjectConfigurator - Adding resource folder /RecetasGraphql/src/main/resources
2026-03-12 11:17:34,586 [Worker-20: Importing Maven projects] INFO  o.e.m.j.i.AbstractJavaProjectConfigurator - Adding source folder /RecetasGraphql/src/test/java
2026-03-12 11:17:34,588 [Worker-20: Importing Maven projects] INFO  o.e.m.j.i.AbstractJavaProjectConfigurator - Adding resource folder /RecetasGraphql/src/test/resources
2026-03-12 11:17:34,987 [Worker-1: Download sources and javadoc] INFO  o.e.m.c.i.e.AbstractTransferListenerAdapter - Downloading https://repo.maven.apache.org/maven2/org/springframework/boot/spring-boot-starter-graphql/4.0.3/spring-boot-starter-graphql-4.0.3-sources.jar
2026-03-12 11:17:34,997 [Worker-1: Download sources and javadoc] INFO  o.e.m.c.i.e.AbstractTransferListenerAdapter - Downloaded https://repo.maven.apache.org/maven2/org/springframework/boot/spring-boot-starter-graphql/4.0.3/spring-boot-starter-graphql-4.0.3-sources.jar
2026-03-12 11:17:35,002 [Worker-1: Download sources and javadoc] INFO  o.e.m.j.internal.DownloadSourcesJob - Downloaded sources for org.springframework.boot:spring-boot-starter-graphql:4.0.3
2026-03-12 11:17:35,080 [Worker-1: Download sources and javadoc] INFO  o.e.m.c.i.e.AbstractTransferListenerAdapter - Downloading https://repo.maven.apache.org/maven2/org/springframework/boot/spring-boot-graphql/4.0.3/spring-boot-graphql-4.0.3-sources.jar
2026-03-12 11:17:35,869 [Worker-1: Download sources and javadoc] INFO  o.e.m.c.i.e.AbstractTransferListenerAdapter - Downloaded https://repo.maven.apache.org/maven2/org/springframework/boot/spring-boot-graphql/4.0.3/spring-boot-graphql-4.0.3-sources.jar
2026-03-12 11:17:35,876 [Worker-1: Download sources and javadoc] INFO  o.e.m.j.internal.DownloadSourcesJob - Downloaded sources for org.springframework.boot:spring-boot-graphql:4.0.3
2026-03-12 11:17:35,975 [Worker-1: Download sources and javadoc] INFO  o.e.m.c.i.e.AbstractTransferListenerAdapter - Downloading https://repo.maven.apache.org/maven2/org/springframework/graphql/spring-graphql/2.0.2/spring-graphql-2.0.2-sources.jar
2026-03-12 11:17:36,096 [Worker-1: Download sources and javadoc] INFO  o.e.m.c.i.e.AbstractTransferListenerAdapter - Downloaded https://repo.maven.apache.org/maven2/org/springframework/graphql/spring-graphql/2.0.2/spring-graphql-2.0.2-sources.jar
2026-03-12 11:17:36,103 [Worker-1: Download sources and javadoc] INFO  o.e.m.j.internal.DownloadSourcesJob - Downloaded sources for org.springframework.graphql:spring-graphql:2.0.2
2026-03-12 11:17:36,187 [Worker-1: Download sources and javadoc] INFO  o.e.m.c.i.e.AbstractTransferListenerAdapter - Downloading https://repo.maven.apache.org/maven2/com/graphql-java/graphql-java/25.0/graphql-java-25.0-sources.jar
2026-03-12 11:17:36,450 [Worker-1: Download sources and javadoc] INFO  o.e.m.c.i.e.AbstractTransferListenerAdapter - Downloaded https://repo.maven.apache.org/maven2/com/graphql-java/graphql-java/25.0/graphql-java-25.0-sources.jar
2026-03-12 11:17:36,455 [Worker-1: Download sources and javadoc] INFO  o.e.m.j.internal.DownloadSourcesJob - Downloaded sources for com.graphql-java:graphql-java:25.0
2026-03-12 11:17:36,637 [Worker-1: Download sources and javadoc] INFO  o.e.m.c.i.e.AbstractTransferListenerAdapter - Downloading https://repo.maven.apache.org/maven2/com/graphql-java/java-dataloader/6.0.0/java-dataloader-6.0.0-sources.jar
2026-03-12 11:17:36,810 [Worker-1: Download sources and javadoc] INFO  o.e.m.c.i.e.AbstractTransferListenerAdapter - Downloaded https://repo.maven.apache.org/maven2/com/graphql-java/java-dataloader/6.0.0/java-dataloader-6.0.0-sources.jar
2026-03-12 11:17:36,815 [Worker-1: Download sources and javadoc] INFO  o.e.m.j.internal.DownloadSourcesJob - Downloaded sources for com.graphql-java:java-dataloader:6.0.0
2026-03-12 11:17:36,882 [Worker-1: Download sources and javadoc] INFO  o.e.m.c.i.e.AbstractTransferListenerAdapter - Downloading https://repo.maven.apache.org/maven2/io/projectreactor/reactor-core/3.8.3/reactor-core-3.8.3-sources.jar
2026-03-12 11:17:37,015 [Worker-20: Importing Maven projects] INFO  o.e.m.c.i.p.ProjectConfigurationManager - Imported and configured 1 project(s) in 13 sec
2026-03-12 11:17:37,315 [Worker-1: Download sources and javadoc] INFO  o.e.m.c.i.e.AbstractTransferListenerAdapter - Downloaded https://repo.maven.apache.org/maven2/io/projectreactor/reactor-core/3.8.3/reactor-core-3.8.3-sources.jar
2026-03-12 11:17:37,321 [Worker-1: Download sources and javadoc] INFO  o.e.m.j.internal.DownloadSourcesJob - Downloaded sources for io.projectreactor:reactor-core:3.8.3
2026-03-12 11:17:37,393 [Worker-1: Download sources and javadoc] INFO  o.e.m.c.i.e.AbstractTransferListenerAdapter - Downloading https://repo.maven.apache.org/maven2/io/micrometer/context-propagation/1.2.1/context-propagation-1.2.1-sources.jar
2026-03-12 11:17:38,053 [Worker-1: Download sources and javadoc] INFO  o.e.m.c.i.e.AbstractTransferListenerAdapter - Downloaded https://repo.maven.apache.org/maven2/io/micrometer/context-propagation/1.2.1/context-propagation-1.2.1-sources.jar
2026-03-12 11:17:38,062 [Worker-1: Download sources and javadoc] INFO  o.e.m.j.internal.DownloadSourcesJob - Downloaded sources for io.micrometer:context-propagation:1.2.1
2026-03-12 11:17:38,155 [Worker-1: Download sources and javadoc] INFO  o.e.m.c.i.e.AbstractTransferListenerAdapter - Downloading https://repo.maven.apache.org/maven2/org/springframework/boot/spring-boot-starter-graphql-test/4.0.3/spring-boot-starter-graphql-test-4.0.3-sources.jar
2026-03-12 11:17:38,242 [Worker-1: Download sources and javadoc] INFO  o.e.m.c.i.e.AbstractTransferListenerAdapter - Downloaded https://repo.maven.apache.org/maven2/org/springframework/boot/spring-boot-starter-graphql-test/4.0.3/spring-boot-starter-graphql-test-4.0.3-sources.jar
2026-03-12 11:17:38,249 [Worker-1: Download sources and javadoc] INFO  o.e.m.j.internal.DownloadSourcesJob - Downloaded sources for org.springframework.boot:spring-boot-starter-graphql-test:4.0.3
2026-03-12 11:17:38,338 [Worker-1: Download sources and javadoc] INFO  o.e.m.c.i.e.AbstractTransferListenerAdapter - Downloading https://repo.maven.apache.org/maven2/org/springframework/boot/spring-boot-starter-jackson-test/4.0.3/spring-boot-starter-jackson-test-4.0.3-sources.jar
2026-03-12 11:17:38,399 [Worker-1: Download sources and javadoc] INFO  o.e.m.c.i.e.AbstractTransferListenerAdapter - Downloaded https://repo.maven.apache.org/maven2/org/springframework/boot/spring-boot-starter-jackson-test/4.0.3/spring-boot-starter-jackson-test-4.0.3-sources.jar
2026-03-12 11:17:38,405 [Worker-1: Download sources and javadoc] INFO  o.e.m.j.internal.DownloadSourcesJob - Downloaded sources for org.springframework.boot:spring-boot-starter-jackson-test:4.0.3
2026-03-12 11:17:38,501 [Worker-1: Download sources and javadoc] INFO  o.e.m.c.i.e.AbstractTransferListenerAdapter - Downloading https://repo.maven.apache.org/maven2/org/springframework/boot/spring-boot-graphql-test/4.0.3/spring-boot-graphql-test-4.0.3-sources.jar
2026-03-12 11:17:38,916 [Worker-1: Download sources and javadoc] INFO  o.e.m.c.i.e.AbstractTransferListenerAdapter - Downloaded https://repo.maven.apache.org/maven2/org/springframework/boot/spring-boot-graphql-test/4.0.3/spring-boot-graphql-test-4.0.3-sources.jar
2026-03-12 11:17:38,932 [Worker-1: Download sources and javadoc] INFO  o.e.m.j.internal.DownloadSourcesJob - Downloaded sources for org.springframework.boot:spring-boot-graphql-test:4.0.3
2026-03-12 11:17:39,044 [Worker-1: Download sources and javadoc] INFO  o.e.m.c.i.e.AbstractTransferListenerAdapter - Downloading https://repo.maven.apache.org/maven2/org/springframework/graphql/spring-graphql-test/2.0.2/spring-graphql-test-2.0.2-sources.jar
2026-03-12 11:17:40,160 [Worker-1: Download sources and javadoc] INFO  o.e.m.c.i.e.AbstractTransferListenerAdapter - Downloaded https://repo.maven.apache.org/maven2/org/springframework/graphql/spring-graphql-test/2.0.2/spring-graphql-test-2.0.2-sources.jar
2026-03-12 11:17:40,162 [Worker-16: Building] INFO  o.a.m.s.f.DefaultMavenResourcesFiltering - Copying 1 resource from src\main\resources to target\classes
2026-03-12 11:17:40,166 [Worker-1: Download sources and javadoc] INFO  o.e.m.j.internal.DownloadSourcesJob - Downloaded sources for org.springframework.graphql:spring-graphql-test:2.0.2
2026-03-12 11:17:40,195 [Worker-16: Building] INFO  o.a.m.s.f.DefaultMavenResourcesFiltering - Copying 0 resource from src\main\resources to target\classes
2026-03-12 11:17:40,202 [Worker-16: Building] INFO  o.a.m.s.f.DefaultMavenResourcesFiltering - skip non existing resourceDirectory C:\Users\user\Documents\Juan PC guillermo SpringAngularAWS\WORKSPACES\workspaceGQL\RecetasGraphql\src\test\resources
2026-03-12 11:17:40,261 [Worker-1: Download sources and javadoc] INFO  o.e.m.c.i.e.AbstractTransferListenerAdapter - Downloading https://repo.maven.apache.org/maven2/org/springframework/boot/spring-boot-webtestclient/4.0.3/spring-boot-webtestclient-4.0.3-sources.jar
2026-03-12 11:17:40,582 [Worker-1: Download sources and javadoc] INFO  o.e.m.c.i.e.AbstractTransferListenerAdapter - Downloaded https://repo.maven.apache.org/maven2/org/springframework/boot/spring-boot-webtestclient/4.0.3/spring-boot-webtestclient-4.0.3-sources.jar
2026-03-12 11:17:40,589 [Worker-1: Download sources and javadoc] INFO  o.e.m.j.internal.DownloadSourcesJob - Downloaded sources for org.springframework.boot:spring-boot-webtestclient:4.0.3
2026-03-12 11:17:40,680 [Worker-1: Download sources and javadoc] INFO  o.e.m.c.i.e.AbstractTransferListenerAdapter - Downloading https://repo.maven.apache.org/maven2/org/springframework/boot/spring-boot-http-codec/4.0.3/spring-boot-http-codec-4.0.3-sources.jar
2026-03-12 11:17:40,967 [Worker-1: Download sources and javadoc] INFO  o.e.m.c.i.e.AbstractTransferListenerAdapter - Downloaded https://repo.maven.apache.org/maven2/org/springframework/boot/spring-boot-http-codec/4.0.3/spring-boot-http-codec-4.0.3-sources.jar
2026-03-12 11:17:40,972 [Worker-1: Download sources and javadoc] INFO  o.e.m.j.internal.DownloadSourcesJob - Downloaded sources for org.springframework.boot:spring-boot-http-codec:4.0.3
2026-03-12 11:17:41,065 [Worker-1: Download sources and javadoc] INFO  o.e.m.c.i.e.AbstractTransferListenerAdapter - Downloading https://repo.maven.apache.org/maven2/org/springframework/spring-webflux/7.0.5/spring-webflux-7.0.5-sources.jar
2026-03-12 11:17:41,190 [Worker-1: Download sources and javadoc] INFO  o.e.m.c.i.e.AbstractTransferListenerAdapter - Downloaded https://repo.maven.apache.org/maven2/org/springframework/spring-webflux/7.0.5/spring-webflux-7.0.5-sources.jar
2026-03-12 11:17:41,195 [Worker-1: Download sources and javadoc] INFO  o.e.m.j.internal.DownloadSourcesJob - Downloaded sources for org.springframework:spring-webflux:7.0.5
2026-03-12 11:18:45,443 [Worker-13: Building] INFO  o.e.m.c.i.l.LifecycleMappingFactory - Using org.eclipse.m2e.jdt.JarLifecycleMapping lifecycle mapping for MavenProject: com.jao.spring.graphql:RecetasGraphql:0.0.1-SNAPSHOT @ C:\Users\user\Documents\Juan PC guillermo SpringAngularAWS\WORKSPACES\workspaceGQL\RecetasGraphql\pom.xml.
2026-03-12 11:18:46,013 [Worker-13: Building] INFO  o.e.m.c.i.e.AbstractTransferListenerAdapter - Downloading https://repo.maven.apache.org/maven2/org/springframework/boot/spring-boot-starter-webflux/4.0.3/spring-boot-starter-webflux-4.0.3.pom
2026-03-12 11:18:46,054 [Worker-13: Building] INFO  o.e.m.c.i.e.AbstractTransferListenerAdapter - Downloaded https://repo.maven.apache.org/maven2/org/springframework/boot/spring-boot-starter-webflux/4.0.3/spring-boot-starter-webflux-4.0.3.pom
2026-03-12 11:18:46,091 [Worker-13: Building] INFO  o.e.m.c.i.e.AbstractTransferListenerAdapter - Downloading https://repo.maven.apache.org/maven2/org/springframework/boot/spring-boot-starter-reactor-netty/4.0.3/spring-boot-starter-reactor-netty-4.0.3.pom
2026-03-12 11:18:46,119 [Worker-13: Building] INFO  o.e.m.c.i.e.AbstractTransferListenerAdapter - Downloaded https://repo.maven.apache.org/maven2/org/springframework/boot/spring-boot-starter-reactor-netty/4.0.3/spring-boot-starter-reactor-netty-4.0.3.pom
2026-03-12 11:18:46,156 [Worker-13: Building] INFO  o.e.m.c.i.e.AbstractTransferListenerAdapter - Downloading https://repo.maven.apache.org/maven2/org/springframework/boot/spring-boot-reactor/4.0.3/spring-boot-reactor-4.0.3.pom
2026-03-12 11:18:46,187 [Worker-13: Building] INFO  o.e.m.c.i.e.AbstractTransferListenerAdapter - Downloaded https://repo.maven.apache.org/maven2/org/springframework/boot/spring-boot-reactor/4.0.3/spring-boot-reactor-4.0.3.pom
2026-03-12 11:18:46,225 [Worker-13: Building] INFO  o.e.m.c.i.e.AbstractTransferListenerAdapter - Downloading https://repo.maven.apache.org/maven2/org/springframework/boot/spring-boot-reactor-netty/4.0.3/spring-boot-reactor-netty-4.0.3.pom
2026-03-12 11:18:46,263 [Worker-13: Building] INFO  o.e.m.c.i.e.AbstractTransferListenerAdapter - Downloaded https://repo.maven.apache.org/maven2/org/springframework/boot/spring-boot-reactor-netty/4.0.3/spring-boot-reactor-netty-4.0.3.pom
2026-03-12 11:18:46,297 [Worker-13: Building] INFO  o.e.m.c.i.e.AbstractTransferListenerAdapter - Downloading https://repo.maven.apache.org/maven2/io/projectreactor/netty/reactor-netty-http/1.3.3/reactor-netty-http-1.3.3.pom
2026-03-12 11:18:46,321 [Worker-13: Building] INFO  o.e.m.c.i.e.AbstractTransferListenerAdapter - Downloaded https://repo.maven.apache.org/maven2/io/projectreactor/netty/reactor-netty-http/1.3.3/reactor-netty-http-1.3.3.pom
2026-03-12 11:18:46,358 [Worker-13: Building] INFO  o.e.m.c.i.e.AbstractTransferListenerAdapter - Downloading https://repo.maven.apache.org/maven2/io/netty/netty-codec-http/4.2.10.Final/netty-codec-http-4.2.10.Final.pom
2026-03-12 11:18:46,380 [Worker-13: Building] INFO  o.e.m.c.i.e.AbstractTransferListenerAdapter - Downloaded https://repo.maven.apache.org/maven2/io/netty/netty-codec-http/4.2.10.Final/netty-codec-http-4.2.10.Final.pom
2026-03-12 11:18:46,421 [Worker-13: Building] INFO  o.e.m.c.i.e.AbstractTransferListenerAdapter - Downloading https://repo.maven.apache.org/maven2/io/netty/netty-parent/4.2.10.Final/netty-parent-4.2.10.Final.pom
2026-03-12 11:18:46,464 [Worker-13: Building] INFO  o.e.m.c.i.e.AbstractTransferListenerAdapter - Downloaded https://repo.maven.apache.org/maven2/io/netty/netty-parent/4.2.10.Final/netty-parent-4.2.10.Final.pom
2026-03-12 11:18:46,519 [Worker-13: Building] INFO  o.e.m.c.i.e.AbstractTransferListenerAdapter - Downloading https://repo.maven.apache.org/maven2/org/bouncycastle/bc-jdk18on-bom/1.83/bc-jdk18on-bom-1.83.pom
2026-03-12 11:18:46,556 [Worker-13: Building] INFO  o.e.m.c.i.e.AbstractTransferListenerAdapter - Downloaded https://repo.maven.apache.org/maven2/org/bouncycastle/bc-jdk18on-bom/1.83/bc-jdk18on-bom-1.83.pom
2026-03-12 11:18:46,601 [Worker-13: Building] INFO  o.e.m.c.i.e.AbstractTransferListenerAdapter - Downloading https://repo.maven.apache.org/maven2/io/netty/netty-common/4.2.10.Final/netty-common-4.2.10.Final.pom
2026-03-12 11:18:46,629 [Worker-13: Building] INFO  o.e.m.c.i.e.AbstractTransferListenerAdapter - Downloaded https://repo.maven.apache.org/maven2/io/netty/netty-common/4.2.10.Final/netty-common-4.2.10.Final.pom
2026-03-12 11:18:46,679 [Worker-13: Building] INFO  o.e.m.c.i.e.AbstractTransferListenerAdapter - Downloading https://repo.maven.apache.org/maven2/io/netty/netty-buffer/4.2.10.Final/netty-buffer-4.2.10.Final.pom
2026-03-12 11:18:46,703 [Worker-13: Building] INFO  o.e.m.c.i.e.AbstractTransferListenerAdapter - Downloaded https://repo.maven.apache.org/maven2/io/netty/netty-buffer/4.2.10.Final/netty-buffer-4.2.10.Final.pom
2026-03-12 11:18:46,750 [Worker-13: Building] INFO  o.e.m.c.i.e.AbstractTransferListenerAdapter - Downloading https://repo.maven.apache.org/maven2/io/netty/netty-transport/4.2.10.Final/netty-transport-4.2.10.Final.pom
2026-03-12 11:18:46,793 [Worker-13: Building] INFO  o.e.m.c.i.e.AbstractTransferListenerAdapter - Downloaded https://repo.maven.apache.org/maven2/io/netty/netty-transport/4.2.10.Final/netty-transport-4.2.10.Final.pom
2026-03-12 11:18:46,840 [Worker-13: Building] INFO  o.e.m.c.i.e.AbstractTransferListenerAdapter - Downloading https://repo.maven.apache.org/maven2/io/netty/netty-resolver/4.2.10.Final/netty-resolver-4.2.10.Final.pom
2026-03-12 11:18:46,867 [Worker-13: Building] INFO  o.e.m.c.i.e.AbstractTransferListenerAdapter - Downloaded https://repo.maven.apache.org/maven2/io/netty/netty-resolver/4.2.10.Final/netty-resolver-4.2.10.Final.pom
2026-03-12 11:18:46,929 [Worker-13: Building] INFO  o.e.m.c.i.e.AbstractTransferListenerAdapter - Downloading https://repo.maven.apache.org/maven2/io/netty/netty-codec-base/4.2.10.Final/netty-codec-base-4.2.10.Final.pom
2026-03-12 11:18:46,955 [Worker-13: Building] INFO  o.e.m.c.i.e.AbstractTransferListenerAdapter - Downloaded https://repo.maven.apache.org/maven2/io/netty/netty-codec-base/4.2.10.Final/netty-codec-base-4.2.10.Final.pom
2026-03-12 11:18:47,009 [Worker-13: Building] INFO  o.e.m.c.i.e.AbstractTransferListenerAdapter - Downloading https://repo.maven.apache.org/maven2/io/netty/netty-codec-compression/4.2.10.Final/netty-codec-compression-4.2.10.Final.pom
2026-03-12 11:18:47,034 [Worker-13: Building] INFO  o.e.m.c.i.e.AbstractTransferListenerAdapter - Downloaded https://repo.maven.apache.org/maven2/io/netty/netty-codec-compression/4.2.10.Final/netty-codec-compression-4.2.10.Final.pom
2026-03-12 11:18:47,071 [Worker-13: Building] INFO  o.e.m.c.i.e.AbstractTransferListenerAdapter - Downloading https://repo.maven.apache.org/maven2/io/netty/netty-handler/4.2.10.Final/netty-handler-4.2.10.Final.pom
2026-03-12 11:18:47,094 [Worker-13: Building] INFO  o.e.m.c.i.e.AbstractTransferListenerAdapter - Downloaded https://repo.maven.apache.org/maven2/io/netty/netty-handler/4.2.10.Final/netty-handler-4.2.10.Final.pom
2026-03-12 11:18:47,141 [Worker-13: Building] INFO  o.e.m.c.i.e.AbstractTransferListenerAdapter - Downloading https://repo.maven.apache.org/maven2/io/netty/netty-transport-native-unix-common/4.2.10.Final/netty-transport-native-unix-common-4.2.10.Final.pom
2026-03-12 11:18:47,168 [Worker-13: Building] INFO  o.e.m.c.i.e.AbstractTransferListenerAdapter - Downloaded https://repo.maven.apache.org/maven2/io/netty/netty-transport-native-unix-common/4.2.10.Final/netty-transport-native-unix-common-4.2.10.Final.pom
2026-03-12 11:18:47,218 [Worker-13: Building] INFO  o.e.m.c.i.e.AbstractTransferListenerAdapter - Downloading https://repo.maven.apache.org/maven2/io/netty/netty-codec-http2/4.2.10.Final/netty-codec-http2-4.2.10.Final.pom
2026-03-12 11:18:47,244 [Worker-13: Building] INFO  o.e.m.c.i.e.AbstractTransferListenerAdapter - Downloaded https://repo.maven.apache.org/maven2/io/netty/netty-codec-http2/4.2.10.Final/netty-codec-http2-4.2.10.Final.pom
2026-03-12 11:18:47,292 [Worker-13: Building] INFO  o.e.m.c.i.e.AbstractTransferListenerAdapter - Downloading https://repo.maven.apache.org/maven2/io/netty/netty-codec-http3/4.2.10.Final/netty-codec-http3-4.2.10.Final.pom
2026-03-12 11:18:47,325 [Worker-13: Building] INFO  o.e.m.c.i.e.AbstractTransferListenerAdapter - Downloaded https://repo.maven.apache.org/maven2/io/netty/netty-codec-http3/4.2.10.Final/netty-codec-http3-4.2.10.Final.pom
2026-03-12 11:18:47,373 [Worker-13: Building] INFO  o.e.m.c.i.e.AbstractTransferListenerAdapter - Downloading https://repo.maven.apache.org/maven2/io/netty/netty-codec-classes-quic/4.2.10.Final/netty-codec-classes-quic-4.2.10.Final.pom
2026-03-12 11:18:47,399 [Worker-13: Building] INFO  o.e.m.c.i.e.AbstractTransferListenerAdapter - Downloaded https://repo.maven.apache.org/maven2/io/netty/netty-codec-classes-quic/4.2.10.Final/netty-codec-classes-quic-4.2.10.Final.pom
2026-03-12 11:18:47,441 [Worker-13: Building] INFO  o.e.m.c.i.e.AbstractTransferListenerAdapter - Downloading https://repo.maven.apache.org/maven2/io/netty/netty-codec-native-quic/4.2.10.Final/netty-codec-native-quic-4.2.10.Final.pom
2026-03-12 11:18:47,469 [Worker-13: Building] INFO  o.e.m.c.i.e.AbstractTransferListenerAdapter - Downloaded https://repo.maven.apache.org/maven2/io/netty/netty-codec-native-quic/4.2.10.Final/netty-codec-native-quic-4.2.10.Final.pom
2026-03-12 11:18:47,535 [Worker-13: Building] INFO  o.e.m.c.i.e.AbstractTransferListenerAdapter - Downloading https://repo.maven.apache.org/maven2/io/netty/netty-resolver-dns/4.2.10.Final/netty-resolver-dns-4.2.10.Final.pom
2026-03-12 11:18:47,565 [Worker-13: Building] INFO  o.e.m.c.i.e.AbstractTransferListenerAdapter - Downloaded https://repo.maven.apache.org/maven2/io/netty/netty-resolver-dns/4.2.10.Final/netty-resolver-dns-4.2.10.Final.pom
2026-03-12 11:18:47,603 [Worker-13: Building] INFO  o.e.m.c.i.e.AbstractTransferListenerAdapter - Downloading https://repo.maven.apache.org/maven2/io/netty/netty-codec-dns/4.2.10.Final/netty-codec-dns-4.2.10.Final.pom
2026-03-12 11:18:47,640 [Worker-13: Building] INFO  o.e.m.c.i.e.AbstractTransferListenerAdapter - Downloaded https://repo.maven.apache.org/maven2/io/netty/netty-codec-dns/4.2.10.Final/netty-codec-dns-4.2.10.Final.pom
2026-03-12 11:18:47,676 [Worker-13: Building] INFO  o.e.m.c.i.e.AbstractTransferListenerAdapter - Downloading https://repo.maven.apache.org/maven2/io/netty/netty-resolver-dns-native-macos/4.2.10.Final/netty-resolver-dns-native-macos-4.2.10.Final.pom
2026-03-12 11:18:47,702 [Worker-13: Building] INFO  o.e.m.c.i.e.AbstractTransferListenerAdapter - Downloaded https://repo.maven.apache.org/maven2/io/netty/netty-resolver-dns-native-macos/4.2.10.Final/netty-resolver-dns-native-macos-4.2.10.Final.pom
2026-03-12 11:18:47,752 [Worker-13: Building] INFO  o.e.m.c.i.e.AbstractTransferListenerAdapter - Downloading https://repo.maven.apache.org/maven2/io/netty/netty-resolver-dns-classes-macos/4.2.10.Final/netty-resolver-dns-classes-macos-4.2.10.Final.pom
2026-03-12 11:18:47,781 [Worker-13: Building] INFO  o.e.m.c.i.e.AbstractTransferListenerAdapter - Downloaded https://repo.maven.apache.org/maven2/io/netty/netty-resolver-dns-classes-macos/4.2.10.Final/netty-resolver-dns-classes-macos-4.2.10.Final.pom
2026-03-12 11:18:47,816 [Worker-13: Building] INFO  o.e.m.c.i.e.AbstractTransferListenerAdapter - Downloading https://repo.maven.apache.org/maven2/io/netty/netty-transport-native-epoll/4.2.10.Final/netty-transport-native-epoll-4.2.10.Final.pom
2026-03-12 11:18:47,847 [Worker-13: Building] INFO  o.e.m.c.i.e.AbstractTransferListenerAdapter - Downloaded https://repo.maven.apache.org/maven2/io/netty/netty-transport-native-epoll/4.2.10.Final/netty-transport-native-epoll-4.2.10.Final.pom
2026-03-12 11:18:47,914 [Worker-13: Building] INFO  o.e.m.c.i.e.AbstractTransferListenerAdapter - Downloading https://repo.maven.apache.org/maven2/io/netty/netty-transport-classes-epoll/4.2.10.Final/netty-transport-classes-epoll-4.2.10.Final.pom
2026-03-12 11:18:47,940 [Worker-13: Building] INFO  o.e.m.c.i.e.AbstractTransferListenerAdapter - Downloaded https://repo.maven.apache.org/maven2/io/netty/netty-transport-classes-epoll/4.2.10.Final/netty-transport-classes-epoll-4.2.10.Final.pom
2026-03-12 11:18:48,009 [Worker-13: Building] INFO  o.e.m.c.i.e.AbstractTransferListenerAdapter - Downloading https://repo.maven.apache.org/maven2/io/projectreactor/netty/reactor-netty-core/1.3.3/reactor-netty-core-1.3.3.pom
2026-03-12 11:18:48,034 [Worker-13: Building] INFO  o.e.m.c.i.e.AbstractTransferListenerAdapter - Downloaded https://repo.maven.apache.org/maven2/io/projectreactor/netty/reactor-netty-core/1.3.3/reactor-netty-core-1.3.3.pom
2026-03-12 11:18:48,086 [Worker-13: Building] INFO  o.e.m.c.i.e.AbstractTransferListenerAdapter - Downloading https://repo.maven.apache.org/maven2/io/netty/netty-handler-proxy/4.2.10.Final/netty-handler-proxy-4.2.10.Final.pom
2026-03-12 11:18:48,123 [Worker-13: Building] INFO  o.e.m.c.i.e.AbstractTransferListenerAdapter - Downloaded https://repo.maven.apache.org/maven2/io/netty/netty-handler-proxy/4.2.10.Final/netty-handler-proxy-4.2.10.Final.pom
2026-03-12 11:18:48,159 [Worker-13: Building] INFO  o.e.m.c.i.e.AbstractTransferListenerAdapter - Downloading https://repo.maven.apache.org/maven2/io/netty/netty-codec-socks/4.2.10.Final/netty-codec-socks-4.2.10.Final.pom
2026-03-12 11:18:48,183 [Worker-13: Building] INFO  o.e.m.c.i.e.AbstractTransferListenerAdapter - Downloaded https://repo.maven.apache.org/maven2/io/netty/netty-codec-socks/4.2.10.Final/netty-codec-socks-4.2.10.Final.pom
2026-03-12 11:18:48,218 [Worker-13: Building] INFO  o.e.m.c.i.e.AbstractTransferListenerAdapter - Downloading https://repo.maven.apache.org/maven2/org/springframework/boot/spring-boot-netty/4.0.3/spring-boot-netty-4.0.3.pom
2026-03-12 11:18:48,244 [Worker-13: Building] INFO  o.e.m.c.i.e.AbstractTransferListenerAdapter - Downloaded https://repo.maven.apache.org/maven2/org/springframework/boot/spring-boot-netty/4.0.3/spring-boot-netty-4.0.3.pom
2026-03-12 11:18:48,278 [Worker-13: Building] INFO  o.e.m.c.i.e.AbstractTransferListenerAdapter - Downloading https://repo.maven.apache.org/maven2/org/springframework/boot/spring-boot-webflux/4.0.3/spring-boot-webflux-4.0.3.pom
2026-03-12 11:18:48,302 [Worker-13: Building] INFO  o.e.m.c.i.e.AbstractTransferListenerAdapter - Downloaded https://repo.maven.apache.org/maven2/org/springframework/boot/spring-boot-webflux/4.0.3/spring-boot-webflux-4.0.3.pom
2026-03-12 11:18:48,340 [Worker-13: Building] INFO  o.e.m.c.i.e.AbstractTransferListenerAdapter - Downloading https://repo.maven.apache.org/maven2/io/projectreactor/reactor-test/3.8.3/reactor-test-3.8.3.pom
2026-03-12 11:18:48,367 [Worker-13: Building] INFO  o.e.m.c.i.e.AbstractTransferListenerAdapter - Downloaded https://repo.maven.apache.org/maven2/io/projectreactor/reactor-test/3.8.3/reactor-test-3.8.3.pom
2026-03-12 11:18:48,542 [Worker-13: Building] INFO  o.e.m.c.i.e.AbstractTransferListenerAdapter - Downloading https://repo.maven.apache.org/maven2/org/springframework/boot/spring-boot-starter-webflux/4.0.3/spring-boot-starter-webflux-4.0.3.jar
2026-03-12 11:18:48,612 [Worker-13: Building] INFO  o.e.m.c.i.e.AbstractTransferListenerAdapter - Downloaded https://repo.maven.apache.org/maven2/org/springframework/boot/spring-boot-starter-webflux/4.0.3/spring-boot-starter-webflux-4.0.3.jar
2026-03-12 11:18:48,636 [BasicRepositoryConnector-repo.maven.apache.org-1-2] INFO  o.e.m.c.i.e.AbstractTransferListenerAdapter - Downloading https://repo.maven.apache.org/maven2/org/springframework/boot/spring-boot-reactor-netty/4.0.3/spring-boot-reactor-netty-4.0.3.jar
2026-03-12 11:18:48,672 [BasicRepositoryConnector-repo.maven.apache.org-1-0] INFO  o.e.m.c.i.e.AbstractTransferListenerAdapter - Downloading https://repo.maven.apache.org/maven2/org/springframework/boot/spring-boot-starter-reactor-netty/4.0.3/spring-boot-starter-reactor-netty-4.0.3.jar
2026-03-12 11:18:48,677 [BasicRepositoryConnector-repo.maven.apache.org-1-1] INFO  o.e.m.c.i.e.AbstractTransferListenerAdapter - Downloading https://repo.maven.apache.org/maven2/org/springframework/boot/spring-boot-reactor/4.0.3/spring-boot-reactor-4.0.3.jar
2026-03-12 11:18:48,679 [BasicRepositoryConnector-repo.maven.apache.org-1-4] INFO  o.e.m.c.i.e.AbstractTransferListenerAdapter - Downloading https://repo.maven.apache.org/maven2/io/netty/netty-codec-http/4.2.10.Final/netty-codec-http-4.2.10.Final.jar
2026-03-12 11:18:48,687 [BasicRepositoryConnector-repo.maven.apache.org-1-3] INFO  o.e.m.c.i.e.AbstractTransferListenerAdapter - Downloading https://repo.maven.apache.org/maven2/io/projectreactor/netty/reactor-netty-http/1.3.3/reactor-netty-http-1.3.3.jar
2026-03-12 11:18:48,719 [BasicRepositoryConnector-repo.maven.apache.org-1-0] INFO  o.e.m.c.i.e.AbstractTransferListenerAdapter - Downloaded https://repo.maven.apache.org/maven2/org/springframework/boot/spring-boot-starter-reactor-netty/4.0.3/spring-boot-starter-reactor-netty-4.0.3.jar
2026-03-12 11:18:48,751 [BasicRepositoryConnector-repo.maven.apache.org-1-0] INFO  o.e.m.c.i.e.AbstractTransferListenerAdapter - Downloading https://repo.maven.apache.org/maven2/io/netty/netty-buffer/4.2.10.Final/netty-buffer-4.2.10.Final.jar
2026-03-12 11:18:48,916 [BasicRepositoryConnector-repo.maven.apache.org-1-4] INFO  o.e.m.c.i.e.AbstractTransferListenerAdapter - Downloaded https://repo.maven.apache.org/maven2/io/netty/netty-codec-http/4.2.10.Final/netty-codec-http-4.2.10.Final.jar
2026-03-12 11:18:48,941 [BasicRepositoryConnector-repo.maven.apache.org-1-4] INFO  o.e.m.c.i.e.AbstractTransferListenerAdapter - Downloading https://repo.maven.apache.org/maven2/io/netty/netty-transport/4.2.10.Final/netty-transport-4.2.10.Final.jar
2026-03-12 11:18:48,959 [BasicRepositoryConnector-repo.maven.apache.org-1-1] INFO  o.e.m.c.i.e.AbstractTransferListenerAdapter - Downloaded https://repo.maven.apache.org/maven2/org/springframework/boot/spring-boot-reactor/4.0.3/spring-boot-reactor-4.0.3.jar
2026-03-12 11:18:48,971 [BasicRepositoryConnector-repo.maven.apache.org-1-3] INFO  o.e.m.c.i.e.AbstractTransferListenerAdapter - Downloaded https://repo.maven.apache.org/maven2/io/projectreactor/netty/reactor-netty-http/1.3.3/reactor-netty-http-1.3.3.jar
2026-03-12 11:18:48,977 [BasicRepositoryConnector-repo.maven.apache.org-1-0] INFO  o.e.m.c.i.e.AbstractTransferListenerAdapter - Downloaded https://repo.maven.apache.org/maven2/io/netty/netty-buffer/4.2.10.Final/netty-buffer-4.2.10.Final.jar
2026-03-12 11:18:48,991 [BasicRepositoryConnector-repo.maven.apache.org-1-1] INFO  o.e.m.c.i.e.AbstractTransferListenerAdapter - Downloading https://repo.maven.apache.org/maven2/io/netty/netty-codec-base/4.2.10.Final/netty-codec-base-4.2.10.Final.jar
2026-03-12 11:18:49,039 [BasicRepositoryConnector-repo.maven.apache.org-1-0] INFO  o.e.m.c.i.e.AbstractTransferListenerAdapter - Downloading https://repo.maven.apache.org/maven2/io/netty/netty-handler/4.2.10.Final/netty-handler-4.2.10.Final.jar
2026-03-12 11:18:49,039 [BasicRepositoryConnector-repo.maven.apache.org-1-3] INFO  o.e.m.c.i.e.AbstractTransferListenerAdapter - Downloading https://repo.maven.apache.org/maven2/io/netty/netty-codec-compression/4.2.10.Final/netty-codec-compression-4.2.10.Final.jar
2026-03-12 11:18:49,090 [BasicRepositoryConnector-repo.maven.apache.org-1-1] INFO  o.e.m.c.i.e.AbstractTransferListenerAdapter - Downloaded https://repo.maven.apache.org/maven2/io/netty/netty-codec-base/4.2.10.Final/netty-codec-base-4.2.10.Final.jar
2026-03-12 11:18:49,095 [BasicRepositoryConnector-repo.maven.apache.org-1-4] INFO  o.e.m.c.i.e.AbstractTransferListenerAdapter - Downloaded https://repo.maven.apache.org/maven2/io/netty/netty-transport/4.2.10.Final/netty-transport-4.2.10.Final.jar
2026-03-12 11:18:49,112 [BasicRepositoryConnector-repo.maven.apache.org-1-3] INFO  o.e.m.c.i.e.AbstractTransferListenerAdapter - Downloaded https://repo.maven.apache.org/maven2/io/netty/netty-codec-compression/4.2.10.Final/netty-codec-compression-4.2.10.Final.jar
2026-03-12 11:18:49,136 [BasicRepositoryConnector-repo.maven.apache.org-1-1] INFO  o.e.m.c.i.e.AbstractTransferListenerAdapter - Downloading https://repo.maven.apache.org/maven2/io/netty/netty-codec-http2/4.2.10.Final/netty-codec-http2-4.2.10.Final.jar
2026-03-12 11:18:49,136 [BasicRepositoryConnector-repo.maven.apache.org-1-4] INFO  o.e.m.c.i.e.AbstractTransferListenerAdapter - Downloading https://repo.maven.apache.org/maven2/io/netty/netty-codec-http3/4.2.10.Final/netty-codec-http3-4.2.10.Final.jar
2026-03-12 11:18:49,196 [BasicRepositoryConnector-repo.maven.apache.org-1-3] INFO  o.e.m.c.i.e.AbstractTransferListenerAdapter - Downloading https://repo.maven.apache.org/maven2/io/netty/netty-transport-native-unix-common/4.2.10.Final/netty-transport-native-unix-common-4.2.10.Final.jar
2026-03-12 11:18:49,224 [BasicRepositoryConnector-repo.maven.apache.org-1-0] INFO  o.e.m.c.i.e.AbstractTransferListenerAdapter - Downloaded https://repo.maven.apache.org/maven2/io/netty/netty-handler/4.2.10.Final/netty-handler-4.2.10.Final.jar
2026-03-12 11:18:49,252 [BasicRepositoryConnector-repo.maven.apache.org-1-0] INFO  o.e.m.c.i.e.AbstractTransferListenerAdapter - Downloading https://repo.maven.apache.org/maven2/io/netty/netty-resolver/4.2.10.Final/netty-resolver-4.2.10.Final.jar
2026-03-12 11:18:49,266 [BasicRepositoryConnector-repo.maven.apache.org-1-4] INFO  o.e.m.c.i.e.AbstractTransferListenerAdapter - Downloaded https://repo.maven.apache.org/maven2/io/netty/netty-codec-http3/4.2.10.Final/netty-codec-http3-4.2.10.Final.jar
2026-03-12 11:18:49,277 [BasicRepositoryConnector-repo.maven.apache.org-1-1] INFO  o.e.m.c.i.e.AbstractTransferListenerAdapter - Downloaded https://repo.maven.apache.org/maven2/io/netty/netty-codec-http2/4.2.10.Final/netty-codec-http2-4.2.10.Final.jar
2026-03-12 11:18:49,294 [BasicRepositoryConnector-repo.maven.apache.org-1-4] INFO  o.e.m.c.i.e.AbstractTransferListenerAdapter - Downloading https://repo.maven.apache.org/maven2/io/netty/netty-codec-classes-quic/4.2.10.Final/netty-codec-classes-quic-4.2.10.Final.jar
2026-03-12 11:18:49,305 [BasicRepositoryConnector-repo.maven.apache.org-1-1] INFO  o.e.m.c.i.e.AbstractTransferListenerAdapter - Downloading https://repo.maven.apache.org/maven2/io/netty/netty-codec-native-quic/4.2.10.Final/netty-codec-native-quic-4.2.10.Final-linux-x86_64.jar
2026-03-12 11:18:49,360 [BasicRepositoryConnector-repo.maven.apache.org-1-2] INFO  o.e.m.c.i.e.AbstractTransferListenerAdapter - Downloaded https://repo.maven.apache.org/maven2/org/springframework/boot/spring-boot-reactor-netty/4.0.3/spring-boot-reactor-netty-4.0.3.jar
2026-03-12 11:18:49,386 [BasicRepositoryConnector-repo.maven.apache.org-1-4] INFO  o.e.m.c.i.e.AbstractTransferListenerAdapter - Downloaded https://repo.maven.apache.org/maven2/io/netty/netty-codec-classes-quic/4.2.10.Final/netty-codec-classes-quic-4.2.10.Final.jar
2026-03-12 11:18:49,390 [BasicRepositoryConnector-repo.maven.apache.org-1-2] INFO  o.e.m.c.i.e.AbstractTransferListenerAdapter - Downloading https://repo.maven.apache.org/maven2/io/netty/netty-codec-native-quic/4.2.10.Final/netty-codec-native-quic-4.2.10.Final-linux-aarch_64.jar
2026-03-12 11:18:49,440 [BasicRepositoryConnector-repo.maven.apache.org-1-4] INFO  o.e.m.c.i.e.AbstractTransferListenerAdapter - Downloading https://repo.maven.apache.org/maven2/io/netty/netty-codec-native-quic/4.2.10.Final/netty-codec-native-quic-4.2.10.Final-osx-x86_64.jar
2026-03-12 11:18:49,756 [BasicRepositoryConnector-repo.maven.apache.org-1-0] INFO  o.e.m.c.i.e.AbstractTransferListenerAdapter - Downloaded https://repo.maven.apache.org/maven2/io/netty/netty-resolver/4.2.10.Final/netty-resolver-4.2.10.Final.jar
2026-03-12 11:18:49,867 [BasicRepositoryConnector-repo.maven.apache.org-1-0] INFO  o.e.m.c.i.e.AbstractTransferListenerAdapter - Downloading https://repo.maven.apache.org/maven2/io/netty/netty-codec-native-quic/4.2.10.Final/netty-codec-native-quic-4.2.10.Final-osx-aarch_64.jar
2026-03-12 11:18:49,915 [BasicRepositoryConnector-repo.maven.apache.org-1-3] INFO  o.e.m.c.i.e.AbstractTransferListenerAdapter - Downloaded https://repo.maven.apache.org/maven2/io/netty/netty-transport-native-unix-common/4.2.10.Final/netty-transport-native-unix-common-4.2.10.Final.jar
2026-03-12 11:18:50,087 [BasicRepositoryConnector-repo.maven.apache.org-1-3] INFO  o.e.m.c.i.e.AbstractTransferListenerAdapter - Downloading https://repo.maven.apache.org/maven2/io/netty/netty-codec-native-quic/4.2.10.Final/netty-codec-native-quic-4.2.10.Final-windows-x86_64.jar
2026-03-12 11:18:50,544 [BasicRepositoryConnector-repo.maven.apache.org-1-2] INFO  o.e.m.c.i.e.AbstractTransferListenerAdapter - Downloaded https://repo.maven.apache.org/maven2/io/netty/netty-codec-native-quic/4.2.10.Final/netty-codec-native-quic-4.2.10.Final-linux-aarch_64.jar
2026-03-12 11:18:50,554 [BasicRepositoryConnector-repo.maven.apache.org-1-4] INFO  o.e.m.c.i.e.AbstractTransferListenerAdapter - Downloaded https://repo.maven.apache.org/maven2/io/netty/netty-codec-native-quic/4.2.10.Final/netty-codec-native-quic-4.2.10.Final-osx-x86_64.jar
2026-03-12 11:18:50,587 [BasicRepositoryConnector-repo.maven.apache.org-1-2] INFO  o.e.m.c.i.e.AbstractTransferListenerAdapter - Downloading https://repo.maven.apache.org/maven2/io/netty/netty-resolver-dns/4.2.10.Final/netty-resolver-dns-4.2.10.Final.jar
2026-03-12 11:18:50,601 [BasicRepositoryConnector-repo.maven.apache.org-1-4] INFO  o.e.m.c.i.e.AbstractTransferListenerAdapter - Downloading https://repo.maven.apache.org/maven2/io/netty/netty-codec-dns/4.2.10.Final/netty-codec-dns-4.2.10.Final.jar
2026-03-12 11:18:50,634 [BasicRepositoryConnector-repo.maven.apache.org-1-1] INFO  o.e.m.c.i.e.AbstractTransferListenerAdapter - Downloaded https://repo.maven.apache.org/maven2/io/netty/netty-codec-native-quic/4.2.10.Final/netty-codec-native-quic-4.2.10.Final-linux-x86_64.jar
2026-03-12 11:18:50,664 [BasicRepositoryConnector-repo.maven.apache.org-1-4] INFO  o.e.m.c.i.e.AbstractTransferListenerAdapter - Downloaded https://repo.maven.apache.org/maven2/io/netty/netty-codec-dns/4.2.10.Final/netty-codec-dns-4.2.10.Final.jar
2026-03-12 11:18:50,680 [BasicRepositoryConnector-repo.maven.apache.org-1-2] INFO  o.e.m.c.i.e.AbstractTransferListenerAdapter - Downloaded https://repo.maven.apache.org/maven2/io/netty/netty-resolver-dns/4.2.10.Final/netty-resolver-dns-4.2.10.Final.jar
2026-03-12 11:18:50,739 [BasicRepositoryConnector-repo.maven.apache.org-1-1] INFO  o.e.m.c.i.e.AbstractTransferListenerAdapter - Downloading https://repo.maven.apache.org/maven2/io/netty/netty-resolver-dns-native-macos/4.2.10.Final/netty-resolver-dns-native-macos-4.2.10.Final-osx-x86_64.jar
2026-03-12 11:18:50,754 [BasicRepositoryConnector-repo.maven.apache.org-1-4] INFO  o.e.m.c.i.e.AbstractTransferListenerAdapter - Downloading https://repo.maven.apache.org/maven2/io/netty/netty-resolver-dns-classes-macos/4.2.10.Final/netty-resolver-dns-classes-macos-4.2.10.Final.jar
2026-03-12 11:18:50,788 [BasicRepositoryConnector-repo.maven.apache.org-1-2] INFO  o.e.m.c.i.e.AbstractTransferListenerAdapter - Downloading https://repo.maven.apache.org/maven2/io/netty/netty-transport-native-epoll/4.2.10.Final/netty-transport-native-epoll-4.2.10.Final-linux-x86_64.jar
2026-03-12 11:18:50,887 [BasicRepositoryConnector-repo.maven.apache.org-1-0] INFO  o.e.m.c.i.e.AbstractTransferListenerAdapter - Downloaded https://repo.maven.apache.org/maven2/io/netty/netty-codec-native-quic/4.2.10.Final/netty-codec-native-quic-4.2.10.Final-osx-aarch_64.jar
2026-03-12 11:18:50,892 [BasicRepositoryConnector-repo.maven.apache.org-1-1] INFO  o.e.m.c.i.e.AbstractTransferListenerAdapter - Downloaded https://repo.maven.apache.org/maven2/io/netty/netty-resolver-dns-native-macos/4.2.10.Final/netty-resolver-dns-native-macos-4.2.10.Final-osx-x86_64.jar
2026-03-12 11:18:50,912 [BasicRepositoryConnector-repo.maven.apache.org-1-0] INFO  o.e.m.c.i.e.AbstractTransferListenerAdapter - Downloading https://repo.maven.apache.org/maven2/io/netty/netty-transport-classes-epoll/4.2.10.Final/netty-transport-classes-epoll-4.2.10.Final.jar
2026-03-12 11:18:50,912 [BasicRepositoryConnector-repo.maven.apache.org-1-1] INFO  o.e.m.c.i.e.AbstractTransferListenerAdapter - Downloading https://repo.maven.apache.org/maven2/io/projectreactor/netty/reactor-netty-core/1.3.3/reactor-netty-core-1.3.3.jar
2026-03-12 11:18:50,934 [BasicRepositoryConnector-repo.maven.apache.org-1-4] INFO  o.e.m.c.i.e.AbstractTransferListenerAdapter - Downloaded https://repo.maven.apache.org/maven2/io/netty/netty-resolver-dns-classes-macos/4.2.10.Final/netty-resolver-dns-classes-macos-4.2.10.Final.jar
2026-03-12 11:18:50,960 [BasicRepositoryConnector-repo.maven.apache.org-1-3] INFO  o.e.m.c.i.e.AbstractTransferListenerAdapter - Downloaded https://repo.maven.apache.org/maven2/io/netty/netty-codec-native-quic/4.2.10.Final/netty-codec-native-quic-4.2.10.Final-windows-x86_64.jar
2026-03-12 11:18:50,960 [BasicRepositoryConnector-repo.maven.apache.org-1-2] INFO  o.e.m.c.i.e.AbstractTransferListenerAdapter - Downloaded https://repo.maven.apache.org/maven2/io/netty/netty-transport-native-epoll/4.2.10.Final/netty-transport-native-epoll-4.2.10.Final-linux-x86_64.jar
2026-03-12 11:18:50,983 [BasicRepositoryConnector-repo.maven.apache.org-1-4] INFO  o.e.m.c.i.e.AbstractTransferListenerAdapter - Downloading https://repo.maven.apache.org/maven2/io/netty/netty-handler-proxy/4.2.10.Final/netty-handler-proxy-4.2.10.Final.jar
2026-03-12 11:18:50,994 [BasicRepositoryConnector-repo.maven.apache.org-1-0] INFO  o.e.m.c.i.e.AbstractTransferListenerAdapter - Downloaded https://repo.maven.apache.org/maven2/io/netty/netty-transport-classes-epoll/4.2.10.Final/netty-transport-classes-epoll-4.2.10.Final.jar
2026-03-12 11:18:50,994 [BasicRepositoryConnector-repo.maven.apache.org-1-2] INFO  o.e.m.c.i.e.AbstractTransferListenerAdapter - Downloading https://repo.maven.apache.org/maven2/org/springframework/boot/spring-boot-netty/4.0.3/spring-boot-netty-4.0.3.jar
2026-03-12 11:18:50,994 [BasicRepositoryConnector-repo.maven.apache.org-1-3] INFO  o.e.m.c.i.e.AbstractTransferListenerAdapter - Downloading https://repo.maven.apache.org/maven2/io/netty/netty-codec-socks/4.2.10.Final/netty-codec-socks-4.2.10.Final.jar
2026-03-12 11:18:51,054 [BasicRepositoryConnector-repo.maven.apache.org-1-0] INFO  o.e.m.c.i.e.AbstractTransferListenerAdapter - Downloading https://repo.maven.apache.org/maven2/io/netty/netty-common/4.2.10.Final/netty-common-4.2.10.Final.jar
2026-03-12 11:18:51,068 [BasicRepositoryConnector-repo.maven.apache.org-1-3] INFO  o.e.m.c.i.e.AbstractTransferListenerAdapter - Downloaded https://repo.maven.apache.org/maven2/io/netty/netty-codec-socks/4.2.10.Final/netty-codec-socks-4.2.10.Final.jar
2026-03-12 11:18:51,102 [BasicRepositoryConnector-repo.maven.apache.org-1-3] INFO  o.e.m.c.i.e.AbstractTransferListenerAdapter - Downloading https://repo.maven.apache.org/maven2/org/springframework/boot/spring-boot-webflux/4.0.3/spring-boot-webflux-4.0.3.jar
2026-03-12 11:18:51,123 [BasicRepositoryConnector-repo.maven.apache.org-1-1] INFO  o.e.m.c.i.e.AbstractTransferListenerAdapter - Downloaded https://repo.maven.apache.org/maven2/io/projectreactor/netty/reactor-netty-core/1.3.3/reactor-netty-core-1.3.3.jar
2026-03-12 11:18:51,178 [BasicRepositoryConnector-repo.maven.apache.org-1-3] INFO  o.e.m.c.i.e.AbstractTransferListenerAdapter - Downloaded https://repo.maven.apache.org/maven2/org/springframework/boot/spring-boot-webflux/4.0.3/spring-boot-webflux-4.0.3.jar
2026-03-12 11:18:51,183 [BasicRepositoryConnector-repo.maven.apache.org-1-2] INFO  o.e.m.c.i.e.AbstractTransferListenerAdapter - Downloaded https://repo.maven.apache.org/maven2/org/springframework/boot/spring-boot-netty/4.0.3/spring-boot-netty-4.0.3.jar
2026-03-12 11:18:51,189 [BasicRepositoryConnector-repo.maven.apache.org-1-1] INFO  o.e.m.c.i.e.AbstractTransferListenerAdapter - Downloading https://repo.maven.apache.org/maven2/io/projectreactor/reactor-test/3.8.3/reactor-test-3.8.3.jar
2026-03-12 11:18:51,316 [BasicRepositoryConnector-repo.maven.apache.org-1-1] INFO  o.e.m.c.i.e.AbstractTransferListenerAdapter - Downloaded https://repo.maven.apache.org/maven2/io/projectreactor/reactor-test/3.8.3/reactor-test-3.8.3.jar
2026-03-12 11:18:51,343 [BasicRepositoryConnector-repo.maven.apache.org-1-4] INFO  o.e.m.c.i.e.AbstractTransferListenerAdapter - Downloaded https://repo.maven.apache.org/maven2/io/netty/netty-handler-proxy/4.2.10.Final/netty-handler-proxy-4.2.10.Final.jar
2026-03-12 11:18:51,445 [BasicRepositoryConnector-repo.maven.apache.org-1-0] INFO  o.e.m.c.i.e.AbstractTransferListenerAdapter - Downloaded https://repo.maven.apache.org/maven2/io/netty/netty-common/4.2.10.Final/netty-common-4.2.10.Final.jar
2026-03-12 11:18:52,673 [Worker-13: Building] INFO  o.a.m.s.f.DefaultMavenResourcesFiltering - Copying 0 resource from src\main\resources to target\classes
2026-03-12 11:18:52,729 [Worker-13: Building] INFO  o.a.m.s.f.DefaultMavenResourcesFiltering - Copying 0 resource from src\main\resources to target\classes
2026-03-12 11:18:52,767 [Worker-13: Building] INFO  o.a.m.s.f.DefaultMavenResourcesFiltering - skip non existing resourceDirectory C:\Users\user\Documents\Juan PC guillermo SpringAngularAWS\WORKSPACES\workspaceGQL\RecetasGraphql\src\test\resources
2026-03-12 11:18:53,391 [Worker-8: Updating Maven Project] INFO  o.e.m.c.i.p.ProjectConfigurationManager - Update started
2026-03-12 11:18:53,499 [Worker-13: Download sources and javadoc] INFO  o.e.m.c.i.e.AbstractTransferListenerAdapter - Downloading https://repo.maven.apache.org/maven2/org/springframework/boot/spring-boot-starter-webflux/4.0.3/spring-boot-starter-webflux-4.0.3-sources.jar
2026-03-12 11:18:53,605 [Worker-13: Download sources and javadoc] INFO  o.e.m.c.i.e.AbstractTransferListenerAdapter - Downloaded https://repo.maven.apache.org/maven2/org/springframework/boot/spring-boot-starter-webflux/4.0.3/spring-boot-starter-webflux-4.0.3-sources.jar
2026-03-12 11:18:53,617 [Worker-13: Download sources and javadoc] INFO  o.e.m.j.internal.DownloadSourcesJob - Downloaded sources for org.springframework.boot:spring-boot-starter-webflux:4.0.3
2026-03-12 11:18:55,237 [Worker-13: Download sources and javadoc] INFO  o.e.m.c.i.e.AbstractTransferListenerAdapter - Downloading https://repo.maven.apache.org/maven2/org/springframework/boot/spring-boot-starter-reactor-netty/4.0.3/spring-boot-starter-reactor-netty-4.0.3-sources.jar
2026-03-12 11:18:55,251 [Worker-8: Updating Maven Project] INFO  o.e.m.c.i.l.LifecycleMappingFactory - Using org.eclipse.m2e.jdt.JarLifecycleMapping lifecycle mapping for MavenProject: com.jao.spring.graphql:RecetasGraphql:0.0.1-SNAPSHOT @ C:\Users\user\Documents\Juan PC guillermo SpringAngularAWS\WORKSPACES\workspaceGQL\RecetasGraphql\pom.xml.
2026-03-12 11:18:55,303 [Worker-13: Download sources and javadoc] INFO  o.e.m.c.i.e.AbstractTransferListenerAdapter - Downloaded https://repo.maven.apache.org/maven2/org/springframework/boot/spring-boot-starter-reactor-netty/4.0.3/spring-boot-starter-reactor-netty-4.0.3-sources.jar
2026-03-12 11:18:55,312 [Worker-13: Download sources and javadoc] INFO  o.e.m.j.internal.DownloadSourcesJob - Downloaded sources for org.springframework.boot:spring-boot-starter-reactor-netty:4.0.3
2026-03-12 11:18:55,412 [Worker-13: Download sources and javadoc] INFO  o.e.m.c.i.e.AbstractTransferListenerAdapter - Downloading https://repo.maven.apache.org/maven2/org/springframework/boot/spring-boot-reactor/4.0.3/spring-boot-reactor-4.0.3-sources.jar
2026-03-12 11:18:55,816 [Worker-13: Download sources and javadoc] INFO  o.e.m.c.i.e.AbstractTransferListenerAdapter - Downloaded https://repo.maven.apache.org/maven2/org/springframework/boot/spring-boot-reactor/4.0.3/spring-boot-reactor-4.0.3-sources.jar
2026-03-12 11:18:55,823 [Worker-13: Download sources and javadoc] INFO  o.e.m.j.internal.DownloadSourcesJob - Downloaded sources for org.springframework.boot:spring-boot-reactor:4.0.3
2026-03-12 11:18:55,927 [Worker-13: Download sources and javadoc] INFO  o.e.m.c.i.e.AbstractTransferListenerAdapter - Downloading https://repo.maven.apache.org/maven2/org/springframework/boot/spring-boot-reactor-netty/4.0.3/spring-boot-reactor-netty-4.0.3-sources.jar
2026-03-12 11:18:57,090 [Worker-8: Updating Maven Project] INFO  o.e.m.j.i.AbstractJavaProjectConfigurator - Adding source folder /RecetasGraphql/src/main/java
2026-03-12 11:18:57,092 [Worker-8: Updating Maven Project] INFO  o.e.m.j.i.AbstractJavaProjectConfigurator - Adding resource folder /RecetasGraphql/src/main/resources
2026-03-12 11:18:57,094 [Worker-8: Updating Maven Project] INFO  o.e.m.j.i.AbstractJavaProjectConfigurator - Adding resource folder /RecetasGraphql/src/main/resources
2026-03-12 11:18:57,095 [Worker-8: Updating Maven Project] INFO  o.e.m.j.i.AbstractJavaProjectConfigurator - Adding source folder /RecetasGraphql/src/test/java
2026-03-12 11:18:57,098 [Worker-8: Updating Maven Project] INFO  o.e.m.j.i.AbstractJavaProjectConfigurator - Adding resource folder /RecetasGraphql/src/test/resources
2026-03-12 11:18:57,333 [Worker-13: Download sources and javadoc] INFO  o.e.m.c.i.e.AbstractTransferListenerAdapter - Downloaded https://repo.maven.apache.org/maven2/org/springframework/boot/spring-boot-reactor-netty/4.0.3/spring-boot-reactor-netty-4.0.3-sources.jar
2026-03-12 11:18:57,342 [Worker-13: Download sources and javadoc] INFO  o.e.m.j.internal.DownloadSourcesJob - Downloaded sources for org.springframework.boot:spring-boot-reactor-netty:4.0.3
2026-03-12 11:18:57,471 [Worker-13: Download sources and javadoc] INFO  o.e.m.c.i.e.AbstractTransferListenerAdapter - Downloading https://repo.maven.apache.org/maven2/io/projectreactor/netty/reactor-netty-http/1.3.3/reactor-netty-http-1.3.3-sources.jar
2026-03-12 11:18:57,684 [Worker-13: Download sources and javadoc] INFO  o.e.m.c.i.e.AbstractTransferListenerAdapter - Downloaded https://repo.maven.apache.org/maven2/io/projectreactor/netty/reactor-netty-http/1.3.3/reactor-netty-http-1.3.3-sources.jar
2026-03-12 11:18:57,715 [Worker-13: Download sources and javadoc] INFO  o.e.m.j.internal.DownloadSourcesJob - Downloaded sources for io.projectreactor.netty:reactor-netty-http:1.3.3
2026-03-12 11:18:57,829 [Worker-13: Download sources and javadoc] INFO  o.e.m.c.i.e.AbstractTransferListenerAdapter - Downloading https://repo.maven.apache.org/maven2/io/netty/netty-codec-http/4.2.10.Final/netty-codec-http-4.2.10.Final-sources.jar
2026-03-12 11:18:58,120 [Worker-13: Download sources and javadoc] INFO  o.e.m.c.i.e.AbstractTransferListenerAdapter - Downloaded https://repo.maven.apache.org/maven2/io/netty/netty-codec-http/4.2.10.Final/netty-codec-http-4.2.10.Final-sources.jar
2026-03-12 11:18:58,128 [Worker-13: Download sources and javadoc] INFO  o.e.m.j.internal.DownloadSourcesJob - Downloaded sources for io.netty:netty-codec-http:4.2.10.Final
2026-03-12 11:18:58,240 [Worker-8: Updating Maven Project] INFO  o.e.m.c.i.p.ProjectConfigurationManager - Update completed for 1 poms: local refresh takes 0,00 sec, refresh facades takes 3,00 sec, update config takes 0,00 sec 
2026-03-12 11:18:58,255 [Worker-7: Updating Maven Project] INFO  o.e.m.c.i.p.ProjectConfigurationManager - Update started
2026-03-12 11:18:58,263 [Worker-13: Download sources and javadoc] INFO  o.e.m.c.i.e.AbstractTransferListenerAdapter - Downloading https://repo.maven.apache.org/maven2/io/netty/netty-buffer/4.2.10.Final/netty-buffer-4.2.10.Final-sources.jar
2026-03-12 11:18:58,481 [Worker-13: Download sources and javadoc] INFO  o.e.m.c.i.e.AbstractTransferListenerAdapter - Downloaded https://repo.maven.apache.org/maven2/io/netty/netty-buffer/4.2.10.Final/netty-buffer-4.2.10.Final-sources.jar
2026-03-12 11:18:58,501 [Worker-13: Download sources and javadoc] INFO  o.e.m.j.internal.DownloadSourcesJob - Downloaded sources for io.netty:netty-buffer:4.2.10.Final
2026-03-12 11:19:00,182 [Worker-7: Updating Maven Project] INFO  o.e.m.c.i.l.LifecycleMappingFactory - Using org.eclipse.m2e.jdt.JarLifecycleMapping lifecycle mapping for MavenProject: com.jao.spring.graphql:RecetasGraphql:0.0.1-SNAPSHOT @ C:\Users\user\Documents\Juan PC guillermo SpringAngularAWS\WORKSPACES\workspaceGQL\RecetasGraphql\pom.xml.
2026-03-12 11:19:00,188 [Worker-13: Download sources and javadoc] INFO  o.e.m.c.i.e.AbstractTransferListenerAdapter - Downloading https://repo.maven.apache.org/maven2/io/netty/netty-transport/4.2.10.Final/netty-transport-4.2.10.Final-sources.jar
2026-03-12 11:19:00,436 [Worker-13: Download sources and javadoc] INFO  o.e.m.c.i.e.AbstractTransferListenerAdapter - Downloaded https://repo.maven.apache.org/maven2/io/netty/netty-transport/4.2.10.Final/netty-transport-4.2.10.Final-sources.jar
2026-03-12 11:19:00,442 [Worker-13: Download sources and javadoc] INFO  o.e.m.j.internal.DownloadSourcesJob - Downloaded sources for io.netty:netty-transport:4.2.10.Final
2026-03-12 11:19:00,551 [Worker-13: Download sources and javadoc] INFO  o.e.m.c.i.e.AbstractTransferListenerAdapter - Downloading https://repo.maven.apache.org/maven2/io/netty/netty-codec-base/4.2.10.Final/netty-codec-base-4.2.10.Final-sources.jar
2026-03-12 11:19:00,656 [Worker-13: Download sources and javadoc] INFO  o.e.m.c.i.e.AbstractTransferListenerAdapter - Downloaded https://repo.maven.apache.org/maven2/io/netty/netty-codec-base/4.2.10.Final/netty-codec-base-4.2.10.Final-sources.jar
2026-03-12 11:19:00,662 [Worker-13: Download sources and javadoc] INFO  o.e.m.j.internal.DownloadSourcesJob - Downloaded sources for io.netty:netty-codec-base:4.2.10.Final
2026-03-12 11:19:00,743 [Worker-13: Download sources and javadoc] INFO  o.e.m.c.i.e.AbstractTransferListenerAdapter - Downloading https://repo.maven.apache.org/maven2/io/netty/netty-codec-compression/4.2.10.Final/netty-codec-compression-4.2.10.Final-sources.jar
2026-03-12 11:19:00,858 [Worker-13: Download sources and javadoc] INFO  o.e.m.c.i.e.AbstractTransferListenerAdapter - Downloaded https://repo.maven.apache.org/maven2/io/netty/netty-codec-compression/4.2.10.Final/netty-codec-compression-4.2.10.Final-sources.jar
2026-03-12 11:19:00,881 [Worker-13: Download sources and javadoc] INFO  o.e.m.j.internal.DownloadSourcesJob - Downloaded sources for io.netty:netty-codec-compression:4.2.10.Final
2026-03-12 11:19:01,022 [Worker-13: Download sources and javadoc] INFO  o.e.m.c.i.e.AbstractTransferListenerAdapter - Downloading https://repo.maven.apache.org/maven2/io/netty/netty-handler/4.2.10.Final/netty-handler-4.2.10.Final-sources.jar
2026-03-12 11:19:01,235 [Worker-13: Download sources and javadoc] INFO  o.e.m.c.i.e.AbstractTransferListenerAdapter - Downloaded https://repo.maven.apache.org/maven2/io/netty/netty-handler/4.2.10.Final/netty-handler-4.2.10.Final-sources.jar
2026-03-12 11:19:01,247 [Worker-13: Download sources and javadoc] INFO  o.e.m.j.internal.DownloadSourcesJob - Downloaded sources for io.netty:netty-handler:4.2.10.Final
2026-03-12 11:19:01,270 [Worker-7: Updating Maven Project] INFO  o.e.m.j.i.AbstractJavaProjectConfigurator - Adding source folder /RecetasGraphql/src/main/java
2026-03-12 11:19:01,270 [Worker-7: Updating Maven Project] INFO  o.e.m.j.i.AbstractJavaProjectConfigurator - Adding resource folder /RecetasGraphql/src/main/resources
2026-03-12 11:19:01,275 [Worker-7: Updating Maven Project] INFO  o.e.m.j.i.AbstractJavaProjectConfigurator - Adding resource folder /RecetasGraphql/src/main/resources
2026-03-12 11:19:01,277 [Worker-7: Updating Maven Project] INFO  o.e.m.j.i.AbstractJavaProjectConfigurator - Adding source folder /RecetasGraphql/src/test/java
2026-03-12 11:19:01,277 [Worker-7: Updating Maven Project] INFO  o.e.m.j.i.AbstractJavaProjectConfigurator - Adding resource folder /RecetasGraphql/src/test/resources
2026-03-12 11:19:01,354 [Worker-13: Download sources and javadoc] INFO  o.e.m.c.i.e.AbstractTransferListenerAdapter - Downloading https://repo.maven.apache.org/maven2/io/netty/netty-codec-http2/4.2.10.Final/netty-codec-http2-4.2.10.Final-sources.jar
2026-03-12 11:19:01,578 [Worker-13: Download sources and javadoc] INFO  o.e.m.c.i.e.AbstractTransferListenerAdapter - Downloaded https://repo.maven.apache.org/maven2/io/netty/netty-codec-http2/4.2.10.Final/netty-codec-http2-4.2.10.Final-sources.jar
2026-03-12 11:19:01,584 [Worker-13: Download sources and javadoc] INFO  o.e.m.j.internal.DownloadSourcesJob - Downloaded sources for io.netty:netty-codec-http2:4.2.10.Final
2026-03-12 11:19:01,672 [Worker-13: Download sources and javadoc] INFO  o.e.m.c.i.e.AbstractTransferListenerAdapter - Downloading https://repo.maven.apache.org/maven2/io/netty/netty-codec-http3/4.2.10.Final/netty-codec-http3-4.2.10.Final-sources.jar
2026-03-12 11:19:01,798 [Worker-13: Download sources and javadoc] INFO  o.e.m.c.i.e.AbstractTransferListenerAdapter - Downloaded https://repo.maven.apache.org/maven2/io/netty/netty-codec-http3/4.2.10.Final/netty-codec-http3-4.2.10.Final-sources.jar
2026-03-12 11:19:01,806 [Worker-13: Download sources and javadoc] INFO  o.e.m.j.internal.DownloadSourcesJob - Downloaded sources for io.netty:netty-codec-http3:4.2.10.Final
2026-03-12 11:19:01,849 [Worker-7: Updating Maven Project] INFO  o.e.m.c.i.p.ProjectConfigurationManager - Update completed for 1 poms: local refresh takes 0,00 sec, refresh facades takes 2,00 sec, update config takes 0,00 sec 
2026-03-12 11:19:01,887 [Worker-13: Download sources and javadoc] INFO  o.e.m.c.i.e.AbstractTransferListenerAdapter - Downloading https://repo.maven.apache.org/maven2/io/netty/netty-transport-native-unix-common/4.2.10.Final/netty-transport-native-unix-common-4.2.10.Final-sources.jar
2026-03-12 11:19:01,945 [Worker-13: Download sources and javadoc] INFO  o.e.m.c.i.e.AbstractTransferListenerAdapter - Downloaded https://repo.maven.apache.org/maven2/io/netty/netty-transport-native-unix-common/4.2.10.Final/netty-transport-native-unix-common-4.2.10.Final-sources.jar
2026-03-12 11:19:01,951 [Worker-13: Download sources and javadoc] INFO  o.e.m.j.internal.DownloadSourcesJob - Downloaded sources for io.netty:netty-transport-native-unix-common:4.2.10.Final
2026-03-12 11:19:02,021 [Worker-13: Download sources and javadoc] INFO  o.e.m.c.i.e.AbstractTransferListenerAdapter - Downloading https://repo.maven.apache.org/maven2/io/netty/netty-resolver/4.2.10.Final/netty-resolver-4.2.10.Final-sources.jar
2026-03-12 11:19:02,399 [Worker-21: Building] INFO  o.a.m.s.f.DefaultMavenResourcesFiltering - Copying 1 resource from src\main\resources to target\classes
2026-03-12 11:19:02,426 [Worker-21: Building] INFO  o.a.m.s.f.DefaultMavenResourcesFiltering - Copying 0 resource from src\main\resources to target\classes
2026-03-12 11:19:02,433 [Worker-21: Building] INFO  o.a.m.s.f.DefaultMavenResourcesFiltering - skip non existing resourceDirectory C:\Users\user\Documents\Juan PC guillermo SpringAngularAWS\WORKSPACES\workspaceGQL\RecetasGraphql\src\test\resources
2026-03-12 11:19:02,665 [Worker-13: Download sources and javadoc] INFO  o.e.m.c.i.e.AbstractTransferListenerAdapter - Downloaded https://repo.maven.apache.org/maven2/io/netty/netty-resolver/4.2.10.Final/netty-resolver-4.2.10.Final-sources.jar
2026-03-12 11:19:02,671 [Worker-13: Download sources and javadoc] INFO  o.e.m.j.internal.DownloadSourcesJob - Downloaded sources for io.netty:netty-resolver:4.2.10.Final
2026-03-12 11:19:02,751 [Worker-13: Download sources and javadoc] INFO  o.e.m.c.i.e.AbstractTransferListenerAdapter - Downloading https://repo.maven.apache.org/maven2/io/netty/netty-codec-classes-quic/4.2.10.Final/netty-codec-classes-quic-4.2.10.Final-sources.jar
2026-03-12 11:19:02,850 [Worker-13: Download sources and javadoc] INFO  o.e.m.c.i.e.AbstractTransferListenerAdapter - Downloaded https://repo.maven.apache.org/maven2/io/netty/netty-codec-classes-quic/4.2.10.Final/netty-codec-classes-quic-4.2.10.Final-sources.jar
2026-03-12 11:19:02,858 [Worker-13: Download sources and javadoc] INFO  o.e.m.j.internal.DownloadSourcesJob - Downloaded sources for io.netty:netty-codec-classes-quic:4.2.10.Final
2026-03-12 11:19:02,916 [Worker-13: Download sources and javadoc] INFO  o.e.m.c.i.e.AbstractTransferListenerAdapter - Downloading https://repo.maven.apache.org/maven2/io/netty/netty-codec-native-quic/4.2.10.Final/netty-codec-native-quic-4.2.10.Final-sources.jar
2026-03-12 11:19:03,130 [Worker-13: Download sources and javadoc] INFO  o.e.m.c.i.e.AbstractTransferListenerAdapter - Downloaded https://repo.maven.apache.org/maven2/io/netty/netty-codec-native-quic/4.2.10.Final/netty-codec-native-quic-4.2.10.Final-sources.jar
2026-03-12 11:19:03,132 [Worker-13: Download sources and javadoc] INFO  o.e.m.j.internal.DownloadSourcesJob - Downloaded sources for io.netty:netty-codec-native-quic:4.2.10.Finallinux-x86_64
2026-03-12 11:19:03,145 [Worker-13: Download sources and javadoc] INFO  o.e.m.j.internal.DownloadSourcesJob - Downloaded sources for io.netty:netty-codec-native-quic:4.2.10.Finallinux-aarch_64
2026-03-12 11:19:03,153 [Worker-13: Download sources and javadoc] INFO  o.e.m.j.internal.DownloadSourcesJob - Downloaded sources for io.netty:netty-codec-native-quic:4.2.10.Finalosx-x86_64
2026-03-12 11:19:03,159 [Worker-13: Download sources and javadoc] INFO  o.e.m.j.internal.DownloadSourcesJob - Downloaded sources for io.netty:netty-codec-native-quic:4.2.10.Finalosx-aarch_64
2026-03-12 11:19:03,169 [Worker-13: Download sources and javadoc] INFO  o.e.m.j.internal.DownloadSourcesJob - Downloaded sources for io.netty:netty-codec-native-quic:4.2.10.Finalwindows-x86_64
2026-03-12 11:19:03,233 [Worker-13: Download sources and javadoc] INFO  o.e.m.c.i.e.AbstractTransferListenerAdapter - Downloading https://repo.maven.apache.org/maven2/io/netty/netty-resolver-dns/4.2.10.Final/netty-resolver-dns-4.2.10.Final-sources.jar
2026-03-12 11:19:03,333 [Worker-13: Download sources and javadoc] INFO  o.e.m.c.i.e.AbstractTransferListenerAdapter - Downloaded https://repo.maven.apache.org/maven2/io/netty/netty-resolver-dns/4.2.10.Final/netty-resolver-dns-4.2.10.Final-sources.jar
2026-03-12 11:19:03,338 [Worker-13: Download sources and javadoc] INFO  o.e.m.j.internal.DownloadSourcesJob - Downloaded sources for io.netty:netty-resolver-dns:4.2.10.Final
2026-03-12 11:19:03,409 [Worker-13: Download sources and javadoc] INFO  o.e.m.c.i.e.AbstractTransferListenerAdapter - Downloading https://repo.maven.apache.org/maven2/io/netty/netty-codec-dns/4.2.10.Final/netty-codec-dns-4.2.10.Final-sources.jar
2026-03-12 11:19:03,456 [Worker-13: Download sources and javadoc] INFO  o.e.m.c.i.e.AbstractTransferListenerAdapter - Downloaded https://repo.maven.apache.org/maven2/io/netty/netty-codec-dns/4.2.10.Final/netty-codec-dns-4.2.10.Final-sources.jar
2026-03-12 11:19:03,456 [Worker-13: Download sources and javadoc] INFO  o.e.m.j.internal.DownloadSourcesJob - Downloaded sources for io.netty:netty-codec-dns:4.2.10.Final
2026-03-12 11:19:03,534 [Worker-13: Download sources and javadoc] INFO  o.e.m.c.i.e.AbstractTransferListenerAdapter - Downloading https://repo.maven.apache.org/maven2/io/netty/netty-resolver-dns-native-macos/4.2.10.Final/netty-resolver-dns-native-macos-4.2.10.Final-sources.jar
2026-03-12 11:19:03,638 [Worker-13: Download sources and javadoc] INFO  o.e.m.c.i.e.AbstractTransferListenerAdapter - Downloaded https://repo.maven.apache.org/maven2/io/netty/netty-resolver-dns-native-macos/4.2.10.Final/netty-resolver-dns-native-macos-4.2.10.Final-sources.jar
2026-03-12 11:19:03,642 [Worker-13: Download sources and javadoc] INFO  o.e.m.j.internal.DownloadSourcesJob - Downloaded sources for io.netty:netty-resolver-dns-native-macos:4.2.10.Finalosx-x86_64
2026-03-12 11:19:03,724 [Worker-13: Download sources and javadoc] INFO  o.e.m.c.i.e.AbstractTransferListenerAdapter - Downloading https://repo.maven.apache.org/maven2/io/netty/netty-resolver-dns-classes-macos/4.2.10.Final/netty-resolver-dns-classes-macos-4.2.10.Final-sources.jar
2026-03-12 11:19:03,808 [Worker-13: Download sources and javadoc] INFO  o.e.m.c.i.e.AbstractTransferListenerAdapter - Downloaded https://repo.maven.apache.org/maven2/io/netty/netty-resolver-dns-classes-macos/4.2.10.Final/netty-resolver-dns-classes-macos-4.2.10.Final-sources.jar
2026-03-12 11:19:03,808 [Worker-13: Download sources and javadoc] INFO  o.e.m.j.internal.DownloadSourcesJob - Downloaded sources for io.netty:netty-resolver-dns-classes-macos:4.2.10.Final
2026-03-12 11:19:03,883 [Worker-13: Download sources and javadoc] INFO  o.e.m.c.i.e.AbstractTransferListenerAdapter - Downloading https://repo.maven.apache.org/maven2/io/netty/netty-transport-native-epoll/4.2.10.Final/netty-transport-native-epoll-4.2.10.Final-sources.jar
2026-03-12 11:19:04,026 [Worker-13: Download sources and javadoc] INFO  o.e.m.c.i.e.AbstractTransferListenerAdapter - Downloaded https://repo.maven.apache.org/maven2/io/netty/netty-transport-native-epoll/4.2.10.Final/netty-transport-native-epoll-4.2.10.Final-sources.jar
2026-03-12 11:19:04,032 [Worker-13: Download sources and javadoc] INFO  o.e.m.j.internal.DownloadSourcesJob - Downloaded sources for io.netty:netty-transport-native-epoll:4.2.10.Finallinux-x86_64
2026-03-12 11:19:04,105 [Worker-13: Download sources and javadoc] INFO  o.e.m.c.i.e.AbstractTransferListenerAdapter - Downloading https://repo.maven.apache.org/maven2/io/netty/netty-transport-classes-epoll/4.2.10.Final/netty-transport-classes-epoll-4.2.10.Final-sources.jar
2026-03-12 11:19:04,177 [Worker-13: Download sources and javadoc] INFO  o.e.m.c.i.e.AbstractTransferListenerAdapter - Downloaded https://repo.maven.apache.org/maven2/io/netty/netty-transport-classes-epoll/4.2.10.Final/netty-transport-classes-epoll-4.2.10.Final-sources.jar
2026-03-12 11:19:04,183 [Worker-13: Download sources and javadoc] INFO  o.e.m.j.internal.DownloadSourcesJob - Downloaded sources for io.netty:netty-transport-classes-epoll:4.2.10.Final
2026-03-12 11:19:04,638 [Worker-13: Download sources and javadoc] INFO  o.e.m.c.i.e.AbstractTransferListenerAdapter - Downloading https://repo.maven.apache.org/maven2/io/projectreactor/netty/reactor-netty-core/1.3.3/reactor-netty-core-1.3.3-sources.jar
2026-03-12 11:19:04,799 [Worker-13: Download sources and javadoc] INFO  o.e.m.c.i.e.AbstractTransferListenerAdapter - Downloaded https://repo.maven.apache.org/maven2/io/projectreactor/netty/reactor-netty-core/1.3.3/reactor-netty-core-1.3.3-sources.jar
2026-03-12 11:19:04,809 [Worker-13: Download sources and javadoc] INFO  o.e.m.j.internal.DownloadSourcesJob - Downloaded sources for io.projectreactor.netty:reactor-netty-core:1.3.3
2026-03-12 11:19:05,220 [Worker-13: Download sources and javadoc] INFO  o.e.m.c.i.e.AbstractTransferListenerAdapter - Downloading https://repo.maven.apache.org/maven2/io/netty/netty-handler-proxy/4.2.10.Final/netty-handler-proxy-4.2.10.Final-sources.jar
2026-03-12 11:19:05,459 [Worker-13: Download sources and javadoc] INFO  o.e.m.c.i.e.AbstractTransferListenerAdapter - Downloaded https://repo.maven.apache.org/maven2/io/netty/netty-handler-proxy/4.2.10.Final/netty-handler-proxy-4.2.10.Final-sources.jar
2026-03-12 11:19:05,463 [Worker-13: Download sources and javadoc] INFO  o.e.m.j.internal.DownloadSourcesJob - Downloaded sources for io.netty:netty-handler-proxy:4.2.10.Final
2026-03-12 11:19:05,538 [Worker-13: Download sources and javadoc] INFO  o.e.m.c.i.e.AbstractTransferListenerAdapter - Downloading https://repo.maven.apache.org/maven2/io/netty/netty-codec-socks/4.2.10.Final/netty-codec-socks-4.2.10.Final-sources.jar
2026-03-12 11:19:05,601 [Worker-13: Download sources and javadoc] INFO  o.e.m.c.i.e.AbstractTransferListenerAdapter - Downloaded https://repo.maven.apache.org/maven2/io/netty/netty-codec-socks/4.2.10.Final/netty-codec-socks-4.2.10.Final-sources.jar
2026-03-12 11:19:05,601 [Worker-13: Download sources and javadoc] INFO  o.e.m.j.internal.DownloadSourcesJob - Downloaded sources for io.netty:netty-codec-socks:4.2.10.Final
2026-03-12 11:19:05,677 [Worker-13: Download sources and javadoc] INFO  o.e.m.c.i.e.AbstractTransferListenerAdapter - Downloading https://repo.maven.apache.org/maven2/org/springframework/boot/spring-boot-netty/4.0.3/spring-boot-netty-4.0.3-sources.jar
2026-03-12 11:19:05,813 [Worker-13: Download sources and javadoc] INFO  o.e.m.c.i.e.AbstractTransferListenerAdapter - Downloaded https://repo.maven.apache.org/maven2/org/springframework/boot/spring-boot-netty/4.0.3/spring-boot-netty-4.0.3-sources.jar
2026-03-12 11:19:05,825 [Worker-13: Download sources and javadoc] INFO  o.e.m.j.internal.DownloadSourcesJob - Downloaded sources for org.springframework.boot:spring-boot-netty:4.0.3
2026-03-12 11:19:05,872 [Worker-13: Download sources and javadoc] INFO  o.e.m.c.i.e.AbstractTransferListenerAdapter - Downloading https://repo.maven.apache.org/maven2/io/netty/netty-common/4.2.10.Final/netty-common-4.2.10.Final-sources.jar
2026-03-12 11:19:06,115 [Worker-13: Download sources and javadoc] INFO  o.e.m.c.i.e.AbstractTransferListenerAdapter - Downloaded https://repo.maven.apache.org/maven2/io/netty/netty-common/4.2.10.Final/netty-common-4.2.10.Final-sources.jar
2026-03-12 11:19:06,119 [Worker-13: Download sources and javadoc] INFO  o.e.m.j.internal.DownloadSourcesJob - Downloaded sources for io.netty:netty-common:4.2.10.Final
2026-03-12 11:19:06,191 [Worker-13: Download sources and javadoc] INFO  o.e.m.c.i.e.AbstractTransferListenerAdapter - Downloading https://repo.maven.apache.org/maven2/org/springframework/boot/spring-boot-webflux/4.0.3/spring-boot-webflux-4.0.3-sources.jar
2026-03-12 11:19:06,250 [Worker-13: Download sources and javadoc] INFO  o.e.m.c.i.e.AbstractTransferListenerAdapter - Downloaded https://repo.maven.apache.org/maven2/org/springframework/boot/spring-boot-webflux/4.0.3/spring-boot-webflux-4.0.3-sources.jar
2026-03-12 11:19:06,255 [Worker-13: Download sources and javadoc] INFO  o.e.m.j.internal.DownloadSourcesJob - Downloaded sources for org.springframework.boot:spring-boot-webflux:4.0.3
2026-03-12 11:19:06,318 [Worker-13: Download sources and javadoc] INFO  o.e.m.c.i.e.AbstractTransferListenerAdapter - Downloading https://repo.maven.apache.org/maven2/io/projectreactor/reactor-test/3.8.3/reactor-test-3.8.3-sources.jar
2026-03-12 11:19:06,365 [Worker-13: Download sources and javadoc] INFO  o.e.m.c.i.e.AbstractTransferListenerAdapter - Downloaded https://repo.maven.apache.org/maven2/io/projectreactor/reactor-test/3.8.3/reactor-test-3.8.3-sources.jar
2026-03-12 11:19:06,369 [Worker-13: Download sources and javadoc] INFO  o.e.m.j.internal.DownloadSourcesJob - Downloaded sources for io.projectreactor:reactor-test:3.8.3
2026-03-12 11:20:11,617 [Worker-13: Building] INFO  o.a.m.s.f.DefaultMavenResourcesFiltering - Copying 0 resource from src\main\resources to target\classes
2026-03-12 11:20:11,622 [Worker-13: Building] INFO  o.a.m.s.f.DefaultMavenResourcesFiltering - Copying 1 resource from src\main\resources to target\classes
2026-03-12 11:20:11,628 [Worker-13: Building] INFO  o.a.m.s.f.DefaultMavenResourcesFiltering - skip non existing resourceDirectory C:\Users\user\Documents\Juan PC guillermo SpringAngularAWS\WORKSPACES\workspaceGQL\RecetasGraphql\src\test\resources
2026-03-12 11:21:31,814 [Worker-13: Building Workspace] INFO  o.a.m.s.f.DefaultMavenResourcesFiltering - Copying 1 resource from src\main\resources to target\classes
2026-03-12 11:21:31,820 [Worker-13: Building Workspace] INFO  o.a.m.s.f.DefaultMavenResourcesFiltering - Copying 0 resource from src\main\resources to target\classes
2026-03-12 11:21:31,825 [Worker-13: Building Workspace] INFO  o.a.m.s.f.DefaultMavenResourcesFiltering - skip non existing resourceDirectory C:\Users\user\Documents\Juan PC guillermo SpringAngularAWS\WORKSPACES\workspaceGQL\RecetasGraphql\src\test\resources
2026-03-12 11:21:41,931 [Worker-0: Building] INFO  o.a.m.s.f.DefaultMavenResourcesFiltering - Copying 1 resource from src\main\resources to target\classes
2026-03-12 11:21:41,938 [Worker-0: Building] INFO  o.a.m.s.f.DefaultMavenResourcesFiltering - Copying 0 resource from src\main\resources to target\classes
2026-03-12 11:21:41,940 [Worker-0: Building] INFO  o.a.m.s.f.DefaultMavenResourcesFiltering - skip non existing resourceDirectory C:\Users\user\Documents\Juan PC guillermo SpringAngularAWS\WORKSPACES\workspaceGQL\RecetasGraphql\src\test\resources
2026-03-12 11:24:43,177 [Worker-13: Building] INFO  o.a.m.s.f.DefaultMavenResourcesFiltering - Copying 1 resource from src\main\resources to target\classes
2026-03-12 11:24:43,201 [Worker-13: Building] INFO  o.a.m.s.f.DefaultMavenResourcesFiltering - Copying 1 resource from src\main\resources to target\classes
2026-03-12 11:24:43,232 [Worker-13: Building] INFO  o.a.m.s.f.DefaultMavenResourcesFiltering - skip non existing resourceDirectory C:\Users\user\Documents\Juan PC guillermo SpringAngularAWS\WORKSPACES\workspaceGQL\RecetasGraphql\src\test\resources
2026-03-12 11:24:55,925 [Worker-23: Building] INFO  o.a.m.s.f.DefaultMavenResourcesFiltering - Copying 1 resource from src\main\resources to target\classes
2026-03-12 11:24:55,934 [Worker-23: Building] INFO  o.a.m.s.f.DefaultMavenResourcesFiltering - Copying 1 resource from src\main\resources to target\classes
2026-03-12 11:24:55,934 [Worker-23: Building] INFO  o.a.m.s.f.DefaultMavenResourcesFiltering - skip non existing resourceDirectory C:\Users\user\Documents\Juan PC guillermo SpringAngularAWS\WORKSPACES\workspaceGQL\RecetasGraphql\src\test\resources
2026-03-12 11:26:49,597 [Worker-13: Building] INFO  o.a.m.s.f.DefaultMavenResourcesFiltering - Copying 0 resource from src\main\resources to target\classes
2026-03-12 11:26:49,599 [Worker-13: Building] INFO  o.a.m.s.f.DefaultMavenResourcesFiltering - Copying 1 resource from src\main\resources to target\classes
2026-03-12 11:26:49,604 [Worker-13: Building] INFO  o.a.m.s.f.DefaultMavenResourcesFiltering - skip non existing resourceDirectory C:\Users\user\Documents\Juan PC guillermo SpringAngularAWS\WORKSPACES\workspaceGQL\RecetasGraphql\src\test\resources
2026-03-12 11:27:00,316 [Worker-23: Building] INFO  o.a.m.s.f.DefaultMavenResourcesFiltering - Copying 0 resource from src\main\resources to target\classes
2026-03-12 11:27:00,317 [Worker-23: Building] INFO  o.a.m.s.f.DefaultMavenResourcesFiltering - Copying 1 resource from src\main\resources to target\classes
2026-03-12 11:27:00,322 [Worker-23: Building] INFO  o.a.m.s.f.DefaultMavenResourcesFiltering - skip non existing resourceDirectory C:\Users\user\Documents\Juan PC guillermo SpringAngularAWS\WORKSPACES\workspaceGQL\RecetasGraphql\src\test\resources
2026-03-12 11:41:50,770 [Worker-5: Loading available Gradle versions] INFO  o.e.b.c.i.u.g.PublishedGradleVersions - Gradle version information cache is up-to-date. Trying to read.
2026-03-12 11:42:05,026 [Worker-0: Building] INFO  o.a.m.s.f.DefaultMavenResourcesFiltering - Copying 1 resource from src\main\resources to target\classes
2026-03-12 11:42:05,079 [Worker-0: Building] INFO  o.a.m.s.f.DefaultMavenResourcesFiltering - Copying 2 resources from src\main\resources to target\classes
2026-03-12 11:42:05,117 [Worker-0: Building] INFO  o.a.m.s.f.DefaultMavenResourcesFiltering - skip non existing resourceDirectory C:\Users\user\Documents\Juan PC guillermo SpringAngularAWS\WORKSPACES\workspaceGQL\RecetasGraphql\src\test\resources
2026-03-12 11:42:05,117 [Worker-0: Building] WARN  o.apache.maven.project.MavenProject - Plugin is modifying compileSourceRoots through clear(), which will not work in Maven 4.0.0. Use MavenProject.addCompileSourceRoot()/removeCompileSourceRoot() methods instead. If using a plugin, please upgrade to the latest version or report the issue to the plugin maintainer. To disable these warnings, set -Dmaven.project.sourceRoots.warningsDisabled=true on the command line, in the .mvn/maven.config file, or in project POM properties.
2026-03-12 11:42:05,119 [Worker-0: Building] WARN  o.apache.maven.project.MavenProject - Plugin is modifying compileSourceRoots through add(), which will not work in Maven 4.0.0. Use MavenProject.addCompileSourceRoot()/removeCompileSourceRoot() methods instead. If using a plugin, please upgrade to the latest version or report the issue to the plugin maintainer. To disable these warnings, set -Dmaven.project.sourceRoots.warningsDisabled=true on the command line, in the .mvn/maven.config file, or in project POM properties.
2026-03-12 11:42:05,121 [Worker-0: Building] WARN  o.apache.maven.project.MavenProject - Plugin is modifying testCompileSourceRoots through clear(), which will not work in Maven 4.0.0. Use MavenProject.addTestCompileSourceRoot()/removeTestCompileSourceRoot() methods instead. If using a plugin, please upgrade to the latest version or report the issue to the plugin maintainer. To disable these warnings, set -Dmaven.project.sourceRoots.warningsDisabled=true on the command line, in the .mvn/maven.config file, or in project POM properties.
2026-03-12 11:42:05,123 [Worker-0: Building] WARN  o.apache.maven.project.MavenProject - Plugin is modifying testCompileSourceRoots through add(), which will not work in Maven 4.0.0. Use MavenProject.addTestCompileSourceRoot()/removeTestCompileSourceRoot() methods instead. If using a plugin, please upgrade to the latest version or report the issue to the plugin maintainer. To disable these warnings, set -Dmaven.project.sourceRoots.warningsDisabled=true on the command line, in the .mvn/maven.config file, or in project POM properties.
2026-03-13 09:13:50,432 [Worker-4: Loading available Gradle versions] INFO  o.e.b.c.i.u.g.PublishedGradleVersions - Gradle version information cache is up-to-date. Trying to read.
2026-03-13 09:19:58,078 [Worker-6: Building] INFO  o.a.m.s.f.DefaultMavenResourcesFiltering - Copying 1 resource from src\main\resources to target\classes
2026-03-13 09:19:58,132 [Worker-6: Building] INFO  o.a.m.s.f.DefaultMavenResourcesFiltering - Copying 2 resources from src\main\resources to target\classes
2026-03-13 09:19:58,144 [Worker-6: Building] INFO  o.a.m.s.f.DefaultMavenResourcesFiltering - skip non existing resourceDirectory C:\Users\user\Documents\Juan PC guillermo SpringAngularAWS\WORKSPACES\workspaceGQL\RecetasGraphql\src\test\resources
2026-03-13 09:19:58,145 [Worker-6: Building] WARN  o.apache.maven.project.MavenProject - Plugin is modifying compileSourceRoots through clear(), which will not work in Maven 4.0.0. Use MavenProject.addCompileSourceRoot()/removeCompileSourceRoot() methods instead. If using a plugin, please upgrade to the latest version or report the issue to the plugin maintainer. To disable these warnings, set -Dmaven.project.sourceRoots.warningsDisabled=true on the command line, in the .mvn/maven.config file, or in project POM properties.
2026-03-13 09:19:58,147 [Worker-6: Building] WARN  o.apache.maven.project.MavenProject - Plugin is modifying compileSourceRoots through add(), which will not work in Maven 4.0.0. Use MavenProject.addCompileSourceRoot()/removeCompileSourceRoot() methods instead. If using a plugin, please upgrade to the latest version or report the issue to the plugin maintainer. To disable these warnings, set -Dmaven.project.sourceRoots.warningsDisabled=true on the command line, in the .mvn/maven.config file, or in project POM properties.
2026-03-13 09:19:58,149 [Worker-6: Building] WARN  o.apache.maven.project.MavenProject - Plugin is modifying testCompileSourceRoots through clear(), which will not work in Maven 4.0.0. Use MavenProject.addTestCompileSourceRoot()/removeTestCompileSourceRoot() methods instead. If using a plugin, please upgrade to the latest version or report the issue to the plugin maintainer. To disable these warnings, set -Dmaven.project.sourceRoots.warningsDisabled=true on the command line, in the .mvn/maven.config file, or in project POM properties.
2026-03-13 09:19:58,151 [Worker-6: Building] WARN  o.apache.maven.project.MavenProject - Plugin is modifying testCompileSourceRoots through add(), which will not work in Maven 4.0.0. Use MavenProject.addTestCompileSourceRoot()/removeTestCompileSourceRoot() methods instead. If using a plugin, please upgrade to the latest version or report the issue to the plugin maintainer. To disable these warnings, set -Dmaven.project.sourceRoots.warningsDisabled=true on the command line, in the .mvn/maven.config file, or in project POM properties.
2026-03-13 09:27:13,475 [Worker-27: Building] INFO  o.a.m.s.f.DefaultMavenResourcesFiltering - Copying 1 resource from src\main\resources to target\classes
2026-03-13 09:27:13,483 [Worker-27: Building] INFO  o.a.m.s.f.DefaultMavenResourcesFiltering - Copying 2 resources from src\main\resources to target\classes
2026-03-13 09:27:13,494 [Worker-27: Building] INFO  o.a.m.s.f.DefaultMavenResourcesFiltering - skip non existing resourceDirectory C:\Users\user\Documents\Juan PC guillermo SpringAngularAWS\WORKSPACES\workspaceGQL\RecetasGraphql\src\test\resources
2026-03-13 09:27:13,494 [Worker-27: Building] WARN  o.apache.maven.project.MavenProject - Plugin is modifying compileSourceRoots through clear(), which will not work in Maven 4.0.0. Use MavenProject.addCompileSourceRoot()/removeCompileSourceRoot() methods instead. If using a plugin, please upgrade to the latest version or report the issue to the plugin maintainer. To disable these warnings, set -Dmaven.project.sourceRoots.warningsDisabled=true on the command line, in the .mvn/maven.config file, or in project POM properties.
2026-03-13 09:27:13,495 [Worker-27: Building] WARN  o.apache.maven.project.MavenProject - Plugin is modifying compileSourceRoots through add(), which will not work in Maven 4.0.0. Use MavenProject.addCompileSourceRoot()/removeCompileSourceRoot() methods instead. If using a plugin, please upgrade to the latest version or report the issue to the plugin maintainer. To disable these warnings, set -Dmaven.project.sourceRoots.warningsDisabled=true on the command line, in the .mvn/maven.config file, or in project POM properties.
2026-03-13 09:27:13,497 [Worker-27: Building] WARN  o.apache.maven.project.MavenProject - Plugin is modifying testCompileSourceRoots through clear(), which will not work in Maven 4.0.0. Use MavenProject.addTestCompileSourceRoot()/removeTestCompileSourceRoot() methods instead. If using a plugin, please upgrade to the latest version or report the issue to the plugin maintainer. To disable these warnings, set -Dmaven.project.sourceRoots.warningsDisabled=true on the command line, in the .mvn/maven.config file, or in project POM properties.
2026-03-13 09:27:13,499 [Worker-27: Building] WARN  o.apache.maven.project.MavenProject - Plugin is modifying testCompileSourceRoots through add(), which will not work in Maven 4.0.0. Use MavenProject.addTestCompileSourceRoot()/removeTestCompileSourceRoot() methods instead. If using a plugin, please upgrade to the latest version or report the issue to the plugin maintainer. To disable these warnings, set -Dmaven.project.sourceRoots.warningsDisabled=true on the command line, in the .mvn/maven.config file, or in project POM properties.
2026-03-13 09:27:22,276 [Worker-28: Building] INFO  o.a.m.s.f.DefaultMavenResourcesFiltering - Copying 1 resource from src\main\resources to target\classes
2026-03-13 09:27:22,296 [Worker-28: Building] INFO  o.a.m.s.f.DefaultMavenResourcesFiltering - Copying 2 resources from src\main\resources to target\classes
2026-03-13 09:27:22,309 [Worker-28: Building] INFO  o.a.m.s.f.DefaultMavenResourcesFiltering - skip non existing resourceDirectory C:\Users\user\Documents\Juan PC guillermo SpringAngularAWS\WORKSPACES\workspaceGQL\RecetasGraphql\src\test\resources
2026-03-13 09:27:22,309 [Worker-28: Building] WARN  o.apache.maven.project.MavenProject - Plugin is modifying compileSourceRoots through clear(), which will not work in Maven 4.0.0. Use MavenProject.addCompileSourceRoot()/removeCompileSourceRoot() methods instead. If using a plugin, please upgrade to the latest version or report the issue to the plugin maintainer. To disable these warnings, set -Dmaven.project.sourceRoots.warningsDisabled=true on the command line, in the .mvn/maven.config file, or in project POM properties.
2026-03-13 09:27:22,311 [Worker-28: Building] WARN  o.apache.maven.project.MavenProject - Plugin is modifying compileSourceRoots through add(), which will not work in Maven 4.0.0. Use MavenProject.addCompileSourceRoot()/removeCompileSourceRoot() methods instead. If using a plugin, please upgrade to the latest version or report the issue to the plugin maintainer. To disable these warnings, set -Dmaven.project.sourceRoots.warningsDisabled=true on the command line, in the .mvn/maven.config file, or in project POM properties.
2026-03-13 09:27:22,313 [Worker-28: Building] WARN  o.apache.maven.project.MavenProject - Plugin is modifying testCompileSourceRoots through clear(), which will not work in Maven 4.0.0. Use MavenProject.addTestCompileSourceRoot()/removeTestCompileSourceRoot() methods instead. If using a plugin, please upgrade to the latest version or report the issue to the plugin maintainer. To disable these warnings, set -Dmaven.project.sourceRoots.warningsDisabled=true on the command line, in the .mvn/maven.config file, or in project POM properties.
2026-03-13 09:27:22,315 [Worker-28: Building] WARN  o.apache.maven.project.MavenProject - Plugin is modifying testCompileSourceRoots through add(), which will not work in Maven 4.0.0. Use MavenProject.addTestCompileSourceRoot()/removeTestCompileSourceRoot() methods instead. If using a plugin, please upgrade to the latest version or report the issue to the plugin maintainer. To disable these warnings, set -Dmaven.project.sourceRoots.warningsDisabled=true on the command line, in the .mvn/maven.config file, or in project POM properties.
2026-03-13 09:29:16,399 [Worker-30: Building] INFO  o.a.m.s.f.DefaultMavenResourcesFiltering - Copying 1 resource from src\main\resources to target\classes
2026-03-13 09:29:16,420 [Worker-30: Building] INFO  o.a.m.s.f.DefaultMavenResourcesFiltering - Copying 2 resources from src\main\resources to target\classes
2026-03-13 09:29:16,431 [Worker-30: Building] INFO  o.a.m.s.f.DefaultMavenResourcesFiltering - skip non existing resourceDirectory C:\Users\user\Documents\Juan PC guillermo SpringAngularAWS\WORKSPACES\workspaceGQL\RecetasGraphql\src\test\resources
2026-03-13 09:29:16,431 [Worker-30: Building] WARN  o.apache.maven.project.MavenProject - Plugin is modifying compileSourceRoots through clear(), which will not work in Maven 4.0.0. Use MavenProject.addCompileSourceRoot()/removeCompileSourceRoot() methods instead. If using a plugin, please upgrade to the latest version or report the issue to the plugin maintainer. To disable these warnings, set -Dmaven.project.sourceRoots.warningsDisabled=true on the command line, in the .mvn/maven.config file, or in project POM properties.
2026-03-13 09:29:16,434 [Worker-30: Building] WARN  o.apache.maven.project.MavenProject - Plugin is modifying compileSourceRoots through add(), which will not work in Maven 4.0.0. Use MavenProject.addCompileSourceRoot()/removeCompileSourceRoot() methods instead. If using a plugin, please upgrade to the latest version or report the issue to the plugin maintainer. To disable these warnings, set -Dmaven.project.sourceRoots.warningsDisabled=true on the command line, in the .mvn/maven.config file, or in project POM properties.
2026-03-13 09:29:16,435 [Worker-30: Building] WARN  o.apache.maven.project.MavenProject - Plugin is modifying testCompileSourceRoots through clear(), which will not work in Maven 4.0.0. Use MavenProject.addTestCompileSourceRoot()/removeTestCompileSourceRoot() methods instead. If using a plugin, please upgrade to the latest version or report the issue to the plugin maintainer. To disable these warnings, set -Dmaven.project.sourceRoots.warningsDisabled=true on the command line, in the .mvn/maven.config file, or in project POM properties.
2026-03-13 09:29:16,437 [Worker-30: Building] WARN  o.apache.maven.project.MavenProject - Plugin is modifying testCompileSourceRoots through add(), which will not work in Maven 4.0.0. Use MavenProject.addTestCompileSourceRoot()/removeTestCompileSourceRoot() methods instead. If using a plugin, please upgrade to the latest version or report the issue to the plugin maintainer. To disable these warnings, set -Dmaven.project.sourceRoots.warningsDisabled=true on the command line, in the .mvn/maven.config file, or in project POM properties.
2026-03-13 09:29:22,414 [Worker-31: Building] INFO  o.a.m.s.f.DefaultMavenResourcesFiltering - Copying 1 resource from src\main\resources to target\classes
2026-03-13 09:29:22,422 [Worker-31: Building] INFO  o.a.m.s.f.DefaultMavenResourcesFiltering - Copying 2 resources from src\main\resources to target\classes
2026-03-13 09:29:22,428 [Worker-31: Building] INFO  o.a.m.s.f.DefaultMavenResourcesFiltering - skip non existing resourceDirectory C:\Users\user\Documents\Juan PC guillermo SpringAngularAWS\WORKSPACES\workspaceGQL\RecetasGraphql\src\test\resources
2026-03-13 09:29:22,429 [Worker-31: Building] WARN  o.apache.maven.project.MavenProject - Plugin is modifying compileSourceRoots through clear(), which will not work in Maven 4.0.0. Use MavenProject.addCompileSourceRoot()/removeCompileSourceRoot() methods instead. If using a plugin, please upgrade to the latest version or report the issue to the plugin maintainer. To disable these warnings, set -Dmaven.project.sourceRoots.warningsDisabled=true on the command line, in the .mvn/maven.config file, or in project POM properties.
2026-03-13 09:29:22,430 [Worker-31: Building] WARN  o.apache.maven.project.MavenProject - Plugin is modifying compileSourceRoots through add(), which will not work in Maven 4.0.0. Use MavenProject.addCompileSourceRoot()/removeCompileSourceRoot() methods instead. If using a plugin, please upgrade to the latest version or report the issue to the plugin maintainer. To disable these warnings, set -Dmaven.project.sourceRoots.warningsDisabled=true on the command line, in the .mvn/maven.config file, or in project POM properties.
2026-03-13 09:29:22,432 [Worker-31: Building] WARN  o.apache.maven.project.MavenProject - Plugin is modifying testCompileSourceRoots through clear(), which will not work in Maven 4.0.0. Use MavenProject.addTestCompileSourceRoot()/removeTestCompileSourceRoot() methods instead. If using a plugin, please upgrade to the latest version or report the issue to the plugin maintainer. To disable these warnings, set -Dmaven.project.sourceRoots.warningsDisabled=true on the command line, in the .mvn/maven.config file, or in project POM properties.
2026-03-13 09:29:22,434 [Worker-31: Building] WARN  o.apache.maven.project.MavenProject - Plugin is modifying testCompileSourceRoots through add(), which will not work in Maven 4.0.0. Use MavenProject.addTestCompileSourceRoot()/removeTestCompileSourceRoot() methods instead. If using a plugin, please upgrade to the latest version or report the issue to the plugin maintainer. To disable these warnings, set -Dmaven.project.sourceRoots.warningsDisabled=true on the command line, in the .mvn/maven.config file, or in project POM properties.
2026-03-13 09:31:00,147 [Worker-6: Building] INFO  o.a.m.s.f.DefaultMavenResourcesFiltering - Copying 1 resource from src\main\resources to target\classes
2026-03-13 09:31:00,170 [Worker-6: Building] INFO  o.a.m.s.f.DefaultMavenResourcesFiltering - Copying 2 resources from src\main\resources to target\classes
2026-03-13 09:31:00,181 [Worker-6: Building] INFO  o.a.m.s.f.DefaultMavenResourcesFiltering - skip non existing resourceDirectory C:\Users\user\Documents\Juan PC guillermo SpringAngularAWS\WORKSPACES\workspaceGQL\RecetasGraphql\src\test\resources
2026-03-13 09:31:00,181 [Worker-6: Building] WARN  o.apache.maven.project.MavenProject - Plugin is modifying compileSourceRoots through clear(), which will not work in Maven 4.0.0. Use MavenProject.addCompileSourceRoot()/removeCompileSourceRoot() methods instead. If using a plugin, please upgrade to the latest version or report the issue to the plugin maintainer. To disable these warnings, set -Dmaven.project.sourceRoots.warningsDisabled=true on the command line, in the .mvn/maven.config file, or in project POM properties.
2026-03-13 09:31:00,183 [Worker-6: Building] WARN  o.apache.maven.project.MavenProject - Plugin is modifying compileSourceRoots through add(), which will not work in Maven 4.0.0. Use MavenProject.addCompileSourceRoot()/removeCompileSourceRoot() methods instead. If using a plugin, please upgrade to the latest version or report the issue to the plugin maintainer. To disable these warnings, set -Dmaven.project.sourceRoots.warningsDisabled=true on the command line, in the .mvn/maven.config file, or in project POM properties.
2026-03-13 09:31:00,184 [Worker-6: Building] WARN  o.apache.maven.project.MavenProject - Plugin is modifying testCompileSourceRoots through clear(), which will not work in Maven 4.0.0. Use MavenProject.addTestCompileSourceRoot()/removeTestCompileSourceRoot() methods instead. If using a plugin, please upgrade to the latest version or report the issue to the plugin maintainer. To disable these warnings, set -Dmaven.project.sourceRoots.warningsDisabled=true on the command line, in the .mvn/maven.config file, or in project POM properties.
2026-03-13 09:31:00,184 [Worker-6: Building] WARN  o.apache.maven.project.MavenProject - Plugin is modifying testCompileSourceRoots through add(), which will not work in Maven 4.0.0. Use MavenProject.addTestCompileSourceRoot()/removeTestCompileSourceRoot() methods instead. If using a plugin, please upgrade to the latest version or report the issue to the plugin maintainer. To disable these warnings, set -Dmaven.project.sourceRoots.warningsDisabled=true on the command line, in the .mvn/maven.config file, or in project POM properties.
2026-03-13 09:32:38,109 [Worker-31: Building] INFO  o.a.m.s.f.DefaultMavenResourcesFiltering - Copying 1 resource from src\main\resources to target\classes
2026-03-13 09:32:38,118 [Worker-31: Building] INFO  o.a.m.s.f.DefaultMavenResourcesFiltering - Copying 2 resources from src\main\resources to target\classes
2026-03-13 09:32:38,127 [Worker-31: Building] INFO  o.a.m.s.f.DefaultMavenResourcesFiltering - skip non existing resourceDirectory C:\Users\user\Documents\Juan PC guillermo SpringAngularAWS\WORKSPACES\workspaceGQL\RecetasGraphql\src\test\resources
2026-03-13 09:32:38,128 [Worker-31: Building] WARN  o.apache.maven.project.MavenProject - Plugin is modifying compileSourceRoots through clear(), which will not work in Maven 4.0.0. Use MavenProject.addCompileSourceRoot()/removeCompileSourceRoot() methods instead. If using a plugin, please upgrade to the latest version or report the issue to the plugin maintainer. To disable these warnings, set -Dmaven.project.sourceRoots.warningsDisabled=true on the command line, in the .mvn/maven.config file, or in project POM properties.
2026-03-13 09:32:38,129 [Worker-31: Building] WARN  o.apache.maven.project.MavenProject - Plugin is modifying compileSourceRoots through add(), which will not work in Maven 4.0.0. Use MavenProject.addCompileSourceRoot()/removeCompileSourceRoot() methods instead. If using a plugin, please upgrade to the latest version or report the issue to the plugin maintainer. To disable these warnings, set -Dmaven.project.sourceRoots.warningsDisabled=true on the command line, in the .mvn/maven.config file, or in project POM properties.
2026-03-13 09:32:38,131 [Worker-31: Building] WARN  o.apache.maven.project.MavenProject - Plugin is modifying testCompileSourceRoots through clear(), which will not work in Maven 4.0.0. Use MavenProject.addTestCompileSourceRoot()/removeTestCompileSourceRoot() methods instead. If using a plugin, please upgrade to the latest version or report the issue to the plugin maintainer. To disable these warnings, set -Dmaven.project.sourceRoots.warningsDisabled=true on the command line, in the .mvn/maven.config file, or in project POM properties.
2026-03-13 09:32:38,133 [Worker-31: Building] WARN  o.apache.maven.project.MavenProject - Plugin is modifying testCompileSourceRoots through add(), which will not work in Maven 4.0.0. Use MavenProject.addTestCompileSourceRoot()/removeTestCompileSourceRoot() methods instead. If using a plugin, please upgrade to the latest version or report the issue to the plugin maintainer. To disable these warnings, set -Dmaven.project.sourceRoots.warningsDisabled=true on the command line, in the .mvn/maven.config file, or in project POM properties.
2026-03-13 09:32:54,886 [Worker-35: Building] INFO  o.a.m.s.f.DefaultMavenResourcesFiltering - Copying 1 resource from src\main\resources to target\classes
2026-03-13 09:32:54,892 [Worker-35: Building] INFO  o.a.m.s.f.DefaultMavenResourcesFiltering - Copying 2 resources from src\main\resources to target\classes
2026-03-13 09:32:54,901 [Worker-35: Building] INFO  o.a.m.s.f.DefaultMavenResourcesFiltering - skip non existing resourceDirectory C:\Users\user\Documents\Juan PC guillermo SpringAngularAWS\WORKSPACES\workspaceGQL\RecetasGraphql\src\test\resources
2026-03-13 09:32:54,902 [Worker-35: Building] WARN  o.apache.maven.project.MavenProject - Plugin is modifying compileSourceRoots through clear(), which will not work in Maven 4.0.0. Use MavenProject.addCompileSourceRoot()/removeCompileSourceRoot() methods instead. If using a plugin, please upgrade to the latest version or report the issue to the plugin maintainer. To disable these warnings, set -Dmaven.project.sourceRoots.warningsDisabled=true on the command line, in the .mvn/maven.config file, or in project POM properties.
2026-03-13 09:32:54,903 [Worker-35: Building] WARN  o.apache.maven.project.MavenProject - Plugin is modifying compileSourceRoots through add(), which will not work in Maven 4.0.0. Use MavenProject.addCompileSourceRoot()/removeCompileSourceRoot() methods instead. If using a plugin, please upgrade to the latest version or report the issue to the plugin maintainer. To disable these warnings, set -Dmaven.project.sourceRoots.warningsDisabled=true on the command line, in the .mvn/maven.config file, or in project POM properties.
2026-03-13 09:32:54,905 [Worker-35: Building] WARN  o.apache.maven.project.MavenProject - Plugin is modifying testCompileSourceRoots through clear(), which will not work in Maven 4.0.0. Use MavenProject.addTestCompileSourceRoot()/removeTestCompileSourceRoot() methods instead. If using a plugin, please upgrade to the latest version or report the issue to the plugin maintainer. To disable these warnings, set -Dmaven.project.sourceRoots.warningsDisabled=true on the command line, in the .mvn/maven.config file, or in project POM properties.
2026-03-13 09:32:54,906 [Worker-35: Building] WARN  o.apache.maven.project.MavenProject - Plugin is modifying testCompileSourceRoots through add(), which will not work in Maven 4.0.0. Use MavenProject.addTestCompileSourceRoot()/removeTestCompileSourceRoot() methods instead. If using a plugin, please upgrade to the latest version or report the issue to the plugin maintainer. To disable these warnings, set -Dmaven.project.sourceRoots.warningsDisabled=true on the command line, in the .mvn/maven.config file, or in project POM properties.
2026-03-13 09:35:42,440 [Worker-32: Building] INFO  o.a.m.s.f.DefaultMavenResourcesFiltering - Copying 1 resource from src\main\resources to target\classes
2026-03-13 09:35:42,453 [Worker-32: Building] INFO  o.a.m.s.f.DefaultMavenResourcesFiltering - Copying 2 resources from src\main\resources to target\classes
2026-03-13 09:35:42,463 [Worker-32: Building] INFO  o.a.m.s.f.DefaultMavenResourcesFiltering - skip non existing resourceDirectory C:\Users\user\Documents\Juan PC guillermo SpringAngularAWS\WORKSPACES\workspaceGQL\RecetasGraphql\src\test\resources
2026-03-13 09:35:42,464 [Worker-32: Building] WARN  o.apache.maven.project.MavenProject - Plugin is modifying compileSourceRoots through clear(), which will not work in Maven 4.0.0. Use MavenProject.addCompileSourceRoot()/removeCompileSourceRoot() methods instead. If using a plugin, please upgrade to the latest version or report the issue to the plugin maintainer. To disable these warnings, set -Dmaven.project.sourceRoots.warningsDisabled=true on the command line, in the .mvn/maven.config file, or in project POM properties.
2026-03-13 09:35:42,466 [Worker-32: Building] WARN  o.apache.maven.project.MavenProject - Plugin is modifying compileSourceRoots through add(), which will not work in Maven 4.0.0. Use MavenProject.addCompileSourceRoot()/removeCompileSourceRoot() methods instead. If using a plugin, please upgrade to the latest version or report the issue to the plugin maintainer. To disable these warnings, set -Dmaven.project.sourceRoots.warningsDisabled=true on the command line, in the .mvn/maven.config file, or in project POM properties.
2026-03-13 09:35:42,467 [Worker-32: Building] WARN  o.apache.maven.project.MavenProject - Plugin is modifying testCompileSourceRoots through clear(), which will not work in Maven 4.0.0. Use MavenProject.addTestCompileSourceRoot()/removeTestCompileSourceRoot() methods instead. If using a plugin, please upgrade to the latest version or report the issue to the plugin maintainer. To disable these warnings, set -Dmaven.project.sourceRoots.warningsDisabled=true on the command line, in the .mvn/maven.config file, or in project POM properties.
2026-03-13 09:35:42,469 [Worker-32: Building] WARN  o.apache.maven.project.MavenProject - Plugin is modifying testCompileSourceRoots through add(), which will not work in Maven 4.0.0. Use MavenProject.addTestCompileSourceRoot()/removeTestCompileSourceRoot() methods instead. If using a plugin, please upgrade to the latest version or report the issue to the plugin maintainer. To disable these warnings, set -Dmaven.project.sourceRoots.warningsDisabled=true on the command line, in the .mvn/maven.config file, or in project POM properties.
2026-03-13 09:35:58,653 [Worker-37: Building] INFO  o.a.m.s.f.DefaultMavenResourcesFiltering - Copying 1 resource from src\main\resources to target\classes
2026-03-13 09:35:58,658 [Worker-37: Building] INFO  o.a.m.s.f.DefaultMavenResourcesFiltering - Copying 2 resources from src\main\resources to target\classes
2026-03-13 09:35:58,662 [Worker-37: Building] INFO  o.a.m.s.f.DefaultMavenResourcesFiltering - skip non existing resourceDirectory C:\Users\user\Documents\Juan PC guillermo SpringAngularAWS\WORKSPACES\workspaceGQL\RecetasGraphql\src\test\resources
2026-03-13 09:35:58,663 [Worker-37: Building] WARN  o.apache.maven.project.MavenProject - Plugin is modifying compileSourceRoots through clear(), which will not work in Maven 4.0.0. Use MavenProject.addCompileSourceRoot()/removeCompileSourceRoot() methods instead. If using a plugin, please upgrade to the latest version or report the issue to the plugin maintainer. To disable these warnings, set -Dmaven.project.sourceRoots.warningsDisabled=true on the command line, in the .mvn/maven.config file, or in project POM properties.
2026-03-13 09:35:58,664 [Worker-37: Building] WARN  o.apache.maven.project.MavenProject - Plugin is modifying compileSourceRoots through add(), which will not work in Maven 4.0.0. Use MavenProject.addCompileSourceRoot()/removeCompileSourceRoot() methods instead. If using a plugin, please upgrade to the latest version or report the issue to the plugin maintainer. To disable these warnings, set -Dmaven.project.sourceRoots.warningsDisabled=true on the command line, in the .mvn/maven.config file, or in project POM properties.
2026-03-13 09:35:58,665 [Worker-37: Building] WARN  o.apache.maven.project.MavenProject - Plugin is modifying testCompileSourceRoots through clear(), which will not work in Maven 4.0.0. Use MavenProject.addTestCompileSourceRoot()/removeTestCompileSourceRoot() methods instead. If using a plugin, please upgrade to the latest version or report the issue to the plugin maintainer. To disable these warnings, set -Dmaven.project.sourceRoots.warningsDisabled=true on the command line, in the .mvn/maven.config file, or in project POM properties.
2026-03-13 09:35:58,666 [Worker-37: Building] WARN  o.apache.maven.project.MavenProject - Plugin is modifying testCompileSourceRoots through add(), which will not work in Maven 4.0.0. Use MavenProject.addTestCompileSourceRoot()/removeTestCompileSourceRoot() methods instead. If using a plugin, please upgrade to the latest version or report the issue to the plugin maintainer. To disable these warnings, set -Dmaven.project.sourceRoots.warningsDisabled=true on the command line, in the .mvn/maven.config file, or in project POM properties.
2026-03-13 09:36:20,431 [Worker-36: Building] INFO  o.a.m.s.f.DefaultMavenResourcesFiltering - Copying 1 resource from src\main\resources to target\classes
2026-03-13 09:36:20,445 [Worker-36: Building] INFO  o.a.m.s.f.DefaultMavenResourcesFiltering - Copying 2 resources from src\main\resources to target\classes
2026-03-13 09:36:20,454 [Worker-36: Building] INFO  o.a.m.s.f.DefaultMavenResourcesFiltering - skip non existing resourceDirectory C:\Users\user\Documents\Juan PC guillermo SpringAngularAWS\WORKSPACES\workspaceGQL\RecetasGraphql\src\test\resources
2026-03-13 09:36:20,455 [Worker-36: Building] WARN  o.apache.maven.project.MavenProject - Plugin is modifying compileSourceRoots through clear(), which will not work in Maven 4.0.0. Use MavenProject.addCompileSourceRoot()/removeCompileSourceRoot() methods instead. If using a plugin, please upgrade to the latest version or report the issue to the plugin maintainer. To disable these warnings, set -Dmaven.project.sourceRoots.warningsDisabled=true on the command line, in the .mvn/maven.config file, or in project POM properties.
2026-03-13 09:36:20,456 [Worker-36: Building] WARN  o.apache.maven.project.MavenProject - Plugin is modifying compileSourceRoots through add(), which will not work in Maven 4.0.0. Use MavenProject.addCompileSourceRoot()/removeCompileSourceRoot() methods instead. If using a plugin, please upgrade to the latest version or report the issue to the plugin maintainer. To disable these warnings, set -Dmaven.project.sourceRoots.warningsDisabled=true on the command line, in the .mvn/maven.config file, or in project POM properties.
2026-03-13 09:36:20,458 [Worker-36: Building] WARN  o.apache.maven.project.MavenProject - Plugin is modifying testCompileSourceRoots through clear(), which will not work in Maven 4.0.0. Use MavenProject.addTestCompileSourceRoot()/removeTestCompileSourceRoot() methods instead. If using a plugin, please upgrade to the latest version or report the issue to the plugin maintainer. To disable these warnings, set -Dmaven.project.sourceRoots.warningsDisabled=true on the command line, in the .mvn/maven.config file, or in project POM properties.
2026-03-13 09:36:20,459 [Worker-36: Building] WARN  o.apache.maven.project.MavenProject - Plugin is modifying testCompileSourceRoots through add(), which will not work in Maven 4.0.0. Use MavenProject.addTestCompileSourceRoot()/removeTestCompileSourceRoot() methods instead. If using a plugin, please upgrade to the latest version or report the issue to the plugin maintainer. To disable these warnings, set -Dmaven.project.sourceRoots.warningsDisabled=true on the command line, in the .mvn/maven.config file, or in project POM properties.
2026-03-13 09:36:36,512 [Worker-30: Building] INFO  o.a.m.s.f.DefaultMavenResourcesFiltering - Copying 1 resource from src\main\resources to target\classes
2026-03-13 09:36:36,520 [Worker-30: Building] INFO  o.a.m.s.f.DefaultMavenResourcesFiltering - Copying 2 resources from src\main\resources to target\classes
2026-03-13 09:36:36,528 [Worker-30: Building] INFO  o.a.m.s.f.DefaultMavenResourcesFiltering - skip non existing resourceDirectory C:\Users\user\Documents\Juan PC guillermo SpringAngularAWS\WORKSPACES\workspaceGQL\RecetasGraphql\src\test\resources
2026-03-13 09:36:36,529 [Worker-30: Building] WARN  o.apache.maven.project.MavenProject - Plugin is modifying compileSourceRoots through clear(), which will not work in Maven 4.0.0. Use MavenProject.addCompileSourceRoot()/removeCompileSourceRoot() methods instead. If using a plugin, please upgrade to the latest version or report the issue to the plugin maintainer. To disable these warnings, set -Dmaven.project.sourceRoots.warningsDisabled=true on the command line, in the .mvn/maven.config file, or in project POM properties.
2026-03-13 09:36:36,530 [Worker-30: Building] WARN  o.apache.maven.project.MavenProject - Plugin is modifying compileSourceRoots through add(), which will not work in Maven 4.0.0. Use MavenProject.addCompileSourceRoot()/removeCompileSourceRoot() methods instead. If using a plugin, please upgrade to the latest version or report the issue to the plugin maintainer. To disable these warnings, set -Dmaven.project.sourceRoots.warningsDisabled=true on the command line, in the .mvn/maven.config file, or in project POM properties.
2026-03-13 09:36:36,531 [Worker-30: Building] WARN  o.apache.maven.project.MavenProject - Plugin is modifying testCompileSourceRoots through clear(), which will not work in Maven 4.0.0. Use MavenProject.addTestCompileSourceRoot()/removeTestCompileSourceRoot() methods instead. If using a plugin, please upgrade to the latest version or report the issue to the plugin maintainer. To disable these warnings, set -Dmaven.project.sourceRoots.warningsDisabled=true on the command line, in the .mvn/maven.config file, or in project POM properties.
2026-03-13 09:36:36,532 [Worker-30: Building] WARN  o.apache.maven.project.MavenProject - Plugin is modifying testCompileSourceRoots through add(), which will not work in Maven 4.0.0. Use MavenProject.addTestCompileSourceRoot()/removeTestCompileSourceRoot() methods instead. If using a plugin, please upgrade to the latest version or report the issue to the plugin maintainer. To disable these warnings, set -Dmaven.project.sourceRoots.warningsDisabled=true on the command line, in the .mvn/maven.config file, or in project POM properties.
2026-03-13 09:38:08,050 [Worker-32: Building] INFO  o.a.m.s.f.DefaultMavenResourcesFiltering - Copying 1 resource from src\main\resources to target\classes
2026-03-13 09:38:08,056 [Worker-32: Building] INFO  o.a.m.s.f.DefaultMavenResourcesFiltering - Copying 2 resources from src\main\resources to target\classes
2026-03-13 09:38:08,061 [Worker-32: Building] INFO  o.a.m.s.f.DefaultMavenResourcesFiltering - skip non existing resourceDirectory C:\Users\user\Documents\Juan PC guillermo SpringAngularAWS\WORKSPACES\workspaceGQL\RecetasGraphql\src\test\resources
2026-03-13 09:38:08,061 [Worker-32: Building] WARN  o.apache.maven.project.MavenProject - Plugin is modifying compileSourceRoots through clear(), which will not work in Maven 4.0.0. Use MavenProject.addCompileSourceRoot()/removeCompileSourceRoot() methods instead. If using a plugin, please upgrade to the latest version or report the issue to the plugin maintainer. To disable these warnings, set -Dmaven.project.sourceRoots.warningsDisabled=true on the command line, in the .mvn/maven.config file, or in project POM properties.
2026-03-13 09:38:08,062 [Worker-32: Building] WARN  o.apache.maven.project.MavenProject - Plugin is modifying compileSourceRoots through add(), which will not work in Maven 4.0.0. Use MavenProject.addCompileSourceRoot()/removeCompileSourceRoot() methods instead. If using a plugin, please upgrade to the latest version or report the issue to the plugin maintainer. To disable these warnings, set -Dmaven.project.sourceRoots.warningsDisabled=true on the command line, in the .mvn/maven.config file, or in project POM properties.
2026-03-13 09:38:08,064 [Worker-32: Building] WARN  o.apache.maven.project.MavenProject - Plugin is modifying testCompileSourceRoots through clear(), which will not work in Maven 4.0.0. Use MavenProject.addTestCompileSourceRoot()/removeTestCompileSourceRoot() methods instead. If using a plugin, please upgrade to the latest version or report the issue to the plugin maintainer. To disable these warnings, set -Dmaven.project.sourceRoots.warningsDisabled=true on the command line, in the .mvn/maven.config file, or in project POM properties.
2026-03-13 09:38:08,065 [Worker-32: Building] WARN  o.apache.maven.project.MavenProject - Plugin is modifying testCompileSourceRoots through add(), which will not work in Maven 4.0.0. Use MavenProject.addTestCompileSourceRoot()/removeTestCompileSourceRoot() methods instead. If using a plugin, please upgrade to the latest version or report the issue to the plugin maintainer. To disable these warnings, set -Dmaven.project.sourceRoots.warningsDisabled=true on the command line, in the .mvn/maven.config file, or in project POM properties.
2026-03-13 09:38:23,467 [Worker-32: Building] INFO  o.a.m.s.f.DefaultMavenResourcesFiltering - Copying 1 resource from src\main\resources to target\classes
2026-03-13 09:38:23,482 [Worker-32: Building] INFO  o.a.m.s.f.DefaultMavenResourcesFiltering - Copying 2 resources from src\main\resources to target\classes
2026-03-13 09:38:23,498 [Worker-32: Building] INFO  o.a.m.s.f.DefaultMavenResourcesFiltering - skip non existing resourceDirectory C:\Users\user\Documents\Juan PC guillermo SpringAngularAWS\WORKSPACES\workspaceGQL\RecetasGraphql\src\test\resources
2026-03-13 09:38:23,499 [Worker-32: Building] WARN  o.apache.maven.project.MavenProject - Plugin is modifying compileSourceRoots through clear(), which will not work in Maven 4.0.0. Use MavenProject.addCompileSourceRoot()/removeCompileSourceRoot() methods instead. If using a plugin, please upgrade to the latest version or report the issue to the plugin maintainer. To disable these warnings, set -Dmaven.project.sourceRoots.warningsDisabled=true on the command line, in the .mvn/maven.config file, or in project POM properties.
2026-03-13 09:38:23,500 [Worker-32: Building] WARN  o.apache.maven.project.MavenProject - Plugin is modifying compileSourceRoots through add(), which will not work in Maven 4.0.0. Use MavenProject.addCompileSourceRoot()/removeCompileSourceRoot() methods instead. If using a plugin, please upgrade to the latest version or report the issue to the plugin maintainer. To disable these warnings, set -Dmaven.project.sourceRoots.warningsDisabled=true on the command line, in the .mvn/maven.config file, or in project POM properties.
2026-03-13 09:38:23,501 [Worker-32: Building] WARN  o.apache.maven.project.MavenProject - Plugin is modifying testCompileSourceRoots through clear(), which will not work in Maven 4.0.0. Use MavenProject.addTestCompileSourceRoot()/removeTestCompileSourceRoot() methods instead. If using a plugin, please upgrade to the latest version or report the issue to the plugin maintainer. To disable these warnings, set -Dmaven.project.sourceRoots.warningsDisabled=true on the command line, in the .mvn/maven.config file, or in project POM properties.
2026-03-13 09:38:23,503 [Worker-32: Building] WARN  o.apache.maven.project.MavenProject - Plugin is modifying testCompileSourceRoots through add(), which will not work in Maven 4.0.0. Use MavenProject.addTestCompileSourceRoot()/removeTestCompileSourceRoot() methods instead. If using a plugin, please upgrade to the latest version or report the issue to the plugin maintainer. To disable these warnings, set -Dmaven.project.sourceRoots.warningsDisabled=true on the command line, in the .mvn/maven.config file, or in project POM properties.
2026-03-13 09:38:39,389 [Worker-38: Building] INFO  o.a.m.s.f.DefaultMavenResourcesFiltering - Copying 1 resource from src\main\resources to target\classes
2026-03-13 09:38:39,399 [Worker-38: Building] INFO  o.a.m.s.f.DefaultMavenResourcesFiltering - Copying 2 resources from src\main\resources to target\classes
2026-03-13 09:38:39,408 [Worker-38: Building] INFO  o.a.m.s.f.DefaultMavenResourcesFiltering - skip non existing resourceDirectory C:\Users\user\Documents\Juan PC guillermo SpringAngularAWS\WORKSPACES\workspaceGQL\RecetasGraphql\src\test\resources
2026-03-13 09:38:39,408 [Worker-38: Building] WARN  o.apache.maven.project.MavenProject - Plugin is modifying compileSourceRoots through clear(), which will not work in Maven 4.0.0. Use MavenProject.addCompileSourceRoot()/removeCompileSourceRoot() methods instead. If using a plugin, please upgrade to the latest version or report the issue to the plugin maintainer. To disable these warnings, set -Dmaven.project.sourceRoots.warningsDisabled=true on the command line, in the .mvn/maven.config file, or in project POM properties.
2026-03-13 09:38:39,410 [Worker-38: Building] WARN  o.apache.maven.project.MavenProject - Plugin is modifying compileSourceRoots through add(), which will not work in Maven 4.0.0. Use MavenProject.addCompileSourceRoot()/removeCompileSourceRoot() methods instead. If using a plugin, please upgrade to the latest version or report the issue to the plugin maintainer. To disable these warnings, set -Dmaven.project.sourceRoots.warningsDisabled=true on the command line, in the .mvn/maven.config file, or in project POM properties.
2026-03-13 09:38:39,412 [Worker-38: Building] WARN  o.apache.maven.project.MavenProject - Plugin is modifying testCompileSourceRoots through clear(), which will not work in Maven 4.0.0. Use MavenProject.addTestCompileSourceRoot()/removeTestCompileSourceRoot() methods instead. If using a plugin, please upgrade to the latest version or report the issue to the plugin maintainer. To disable these warnings, set -Dmaven.project.sourceRoots.warningsDisabled=true on the command line, in the .mvn/maven.config file, or in project POM properties.
2026-03-13 09:38:39,413 [Worker-38: Building] WARN  o.apache.maven.project.MavenProject - Plugin is modifying testCompileSourceRoots through add(), which will not work in Maven 4.0.0. Use MavenProject.addTestCompileSourceRoot()/removeTestCompileSourceRoot() methods instead. If using a plugin, please upgrade to the latest version or report the issue to the plugin maintainer. To disable these warnings, set -Dmaven.project.sourceRoots.warningsDisabled=true on the command line, in the .mvn/maven.config file, or in project POM properties.
2026-03-13 09:38:53,009 [Worker-38: Building] INFO  o.a.m.s.f.DefaultMavenResourcesFiltering - Copying 1 resource from src\main\resources to target\classes
2026-03-13 09:38:53,014 [Worker-38: Building] INFO  o.a.m.s.f.DefaultMavenResourcesFiltering - Copying 2 resources from src\main\resources to target\classes
2026-03-13 09:38:53,017 [Worker-38: Building] INFO  o.a.m.s.f.DefaultMavenResourcesFiltering - skip non existing resourceDirectory C:\Users\user\Documents\Juan PC guillermo SpringAngularAWS\WORKSPACES\workspaceGQL\RecetasGraphql\src\test\resources
2026-03-13 09:38:53,018 [Worker-38: Building] WARN  o.apache.maven.project.MavenProject - Plugin is modifying compileSourceRoots through clear(), which will not work in Maven 4.0.0. Use MavenProject.addCompileSourceRoot()/removeCompileSourceRoot() methods instead. If using a plugin, please upgrade to the latest version or report the issue to the plugin maintainer. To disable these warnings, set -Dmaven.project.sourceRoots.warningsDisabled=true on the command line, in the .mvn/maven.config file, or in project POM properties.
2026-03-13 09:38:53,018 [Worker-38: Building] WARN  o.apache.maven.project.MavenProject - Plugin is modifying compileSourceRoots through add(), which will not work in Maven 4.0.0. Use MavenProject.addCompileSourceRoot()/removeCompileSourceRoot() methods instead. If using a plugin, please upgrade to the latest version or report the issue to the plugin maintainer. To disable these warnings, set -Dmaven.project.sourceRoots.warningsDisabled=true on the command line, in the .mvn/maven.config file, or in project POM properties.
2026-03-13 09:38:53,020 [Worker-38: Building] WARN  o.apache.maven.project.MavenProject - Plugin is modifying testCompileSourceRoots through clear(), which will not work in Maven 4.0.0. Use MavenProject.addTestCompileSourceRoot()/removeTestCompileSourceRoot() methods instead. If using a plugin, please upgrade to the latest version or report the issue to the plugin maintainer. To disable these warnings, set -Dmaven.project.sourceRoots.warningsDisabled=true on the command line, in the .mvn/maven.config file, or in project POM properties.
2026-03-13 09:38:53,021 [Worker-38: Building] WARN  o.apache.maven.project.MavenProject - Plugin is modifying testCompileSourceRoots through add(), which will not work in Maven 4.0.0. Use MavenProject.addTestCompileSourceRoot()/removeTestCompileSourceRoot() methods instead. If using a plugin, please upgrade to the latest version or report the issue to the plugin maintainer. To disable these warnings, set -Dmaven.project.sourceRoots.warningsDisabled=true on the command line, in the .mvn/maven.config file, or in project POM properties.
2026-03-13 09:41:01,888 [Worker-42: Building] INFO  o.a.m.s.f.DefaultMavenResourcesFiltering - Copying 1 resource from src\main\resources to target\classes
2026-03-13 09:41:01,898 [Worker-42: Building] INFO  o.a.m.s.f.DefaultMavenResourcesFiltering - Copying 2 resources from src\main\resources to target\classes
2026-03-13 09:41:01,903 [Worker-42: Building] INFO  o.a.m.s.f.DefaultMavenResourcesFiltering - skip non existing resourceDirectory C:\Users\user\Documents\Juan PC guillermo SpringAngularAWS\WORKSPACES\workspaceGQL\RecetasGraphql\src\test\resources
2026-03-13 09:41:01,904 [Worker-42: Building] WARN  o.apache.maven.project.MavenProject - Plugin is modifying compileSourceRoots through clear(), which will not work in Maven 4.0.0. Use MavenProject.addCompileSourceRoot()/removeCompileSourceRoot() methods instead. If using a plugin, please upgrade to the latest version or report the issue to the plugin maintainer. To disable these warnings, set -Dmaven.project.sourceRoots.warningsDisabled=true on the command line, in the .mvn/maven.config file, or in project POM properties.
2026-03-13 09:41:01,905 [Worker-42: Building] WARN  o.apache.maven.project.MavenProject - Plugin is modifying compileSourceRoots through add(), which will not work in Maven 4.0.0. Use MavenProject.addCompileSourceRoot()/removeCompileSourceRoot() methods instead. If using a plugin, please upgrade to the latest version or report the issue to the plugin maintainer. To disable these warnings, set -Dmaven.project.sourceRoots.warningsDisabled=true on the command line, in the .mvn/maven.config file, or in project POM properties.
2026-03-13 09:41:01,907 [Worker-42: Building] WARN  o.apache.maven.project.MavenProject - Plugin is modifying testCompileSourceRoots through clear(), which will not work in Maven 4.0.0. Use MavenProject.addTestCompileSourceRoot()/removeTestCompileSourceRoot() methods instead. If using a plugin, please upgrade to the latest version or report the issue to the plugin maintainer. To disable these warnings, set -Dmaven.project.sourceRoots.warningsDisabled=true on the command line, in the .mvn/maven.config file, or in project POM properties.
2026-03-13 09:41:01,908 [Worker-42: Building] WARN  o.apache.maven.project.MavenProject - Plugin is modifying testCompileSourceRoots through add(), which will not work in Maven 4.0.0. Use MavenProject.addTestCompileSourceRoot()/removeTestCompileSourceRoot() methods instead. If using a plugin, please upgrade to the latest version or report the issue to the plugin maintainer. To disable these warnings, set -Dmaven.project.sourceRoots.warningsDisabled=true on the command line, in the .mvn/maven.config file, or in project POM properties.
2026-03-13 09:41:25,721 [Worker-38: Building] INFO  o.a.m.s.f.DefaultMavenResourcesFiltering - Copying 1 resource from src\main\resources to target\classes
2026-03-13 09:41:25,726 [Worker-38: Building] INFO  o.a.m.s.f.DefaultMavenResourcesFiltering - Copying 2 resources from src\main\resources to target\classes
2026-03-13 09:41:25,731 [Worker-38: Building] INFO  o.a.m.s.f.DefaultMavenResourcesFiltering - skip non existing resourceDirectory C:\Users\user\Documents\Juan PC guillermo SpringAngularAWS\WORKSPACES\workspaceGQL\RecetasGraphql\src\test\resources
2026-03-13 09:41:25,731 [Worker-38: Building] WARN  o.apache.maven.project.MavenProject - Plugin is modifying compileSourceRoots through clear(), which will not work in Maven 4.0.0. Use MavenProject.addCompileSourceRoot()/removeCompileSourceRoot() methods instead. If using a plugin, please upgrade to the latest version or report the issue to the plugin maintainer. To disable these warnings, set -Dmaven.project.sourceRoots.warningsDisabled=true on the command line, in the .mvn/maven.config file, or in project POM properties.
2026-03-13 09:41:25,732 [Worker-38: Building] WARN  o.apache.maven.project.MavenProject - Plugin is modifying compileSourceRoots through add(), which will not work in Maven 4.0.0. Use MavenProject.addCompileSourceRoot()/removeCompileSourceRoot() methods instead. If using a plugin, please upgrade to the latest version or report the issue to the plugin maintainer. To disable these warnings, set -Dmaven.project.sourceRoots.warningsDisabled=true on the command line, in the .mvn/maven.config file, or in project POM properties.
2026-03-13 09:41:25,733 [Worker-38: Building] WARN  o.apache.maven.project.MavenProject - Plugin is modifying testCompileSourceRoots through clear(), which will not work in Maven 4.0.0. Use MavenProject.addTestCompileSourceRoot()/removeTestCompileSourceRoot() methods instead. If using a plugin, please upgrade to the latest version or report the issue to the plugin maintainer. To disable these warnings, set -Dmaven.project.sourceRoots.warningsDisabled=true on the command line, in the .mvn/maven.config file, or in project POM properties.
2026-03-13 09:41:25,734 [Worker-38: Building] WARN  o.apache.maven.project.MavenProject - Plugin is modifying testCompileSourceRoots through add(), which will not work in Maven 4.0.0. Use MavenProject.addTestCompileSourceRoot()/removeTestCompileSourceRoot() methods instead. If using a plugin, please upgrade to the latest version or report the issue to the plugin maintainer. To disable these warnings, set -Dmaven.project.sourceRoots.warningsDisabled=true on the command line, in the .mvn/maven.config file, or in project POM properties.
2026-03-13 09:44:25,096 [Worker-39: Building] INFO  o.a.m.s.f.DefaultMavenResourcesFiltering - Copying 1 resource from src\main\resources to target\classes
2026-03-13 09:44:25,103 [Worker-39: Building] INFO  o.a.m.s.f.DefaultMavenResourcesFiltering - Copying 2 resources from src\main\resources to target\classes
2026-03-13 09:44:25,110 [Worker-39: Building] INFO  o.a.m.s.f.DefaultMavenResourcesFiltering - skip non existing resourceDirectory C:\Users\user\Documents\Juan PC guillermo SpringAngularAWS\WORKSPACES\workspaceGQL\RecetasGraphql\src\test\resources
2026-03-13 09:44:25,110 [Worker-39: Building] WARN  o.apache.maven.project.MavenProject - Plugin is modifying compileSourceRoots through clear(), which will not work in Maven 4.0.0. Use MavenProject.addCompileSourceRoot()/removeCompileSourceRoot() methods instead. If using a plugin, please upgrade to the latest version or report the issue to the plugin maintainer. To disable these warnings, set -Dmaven.project.sourceRoots.warningsDisabled=true on the command line, in the .mvn/maven.config file, or in project POM properties.
2026-03-13 09:44:25,111 [Worker-39: Building] WARN  o.apache.maven.project.MavenProject - Plugin is modifying compileSourceRoots through add(), which will not work in Maven 4.0.0. Use MavenProject.addCompileSourceRoot()/removeCompileSourceRoot() methods instead. If using a plugin, please upgrade to the latest version or report the issue to the plugin maintainer. To disable these warnings, set -Dmaven.project.sourceRoots.warningsDisabled=true on the command line, in the .mvn/maven.config file, or in project POM properties.
2026-03-13 09:44:25,112 [Worker-39: Building] WARN  o.apache.maven.project.MavenProject - Plugin is modifying testCompileSourceRoots through clear(), which will not work in Maven 4.0.0. Use MavenProject.addTestCompileSourceRoot()/removeTestCompileSourceRoot() methods instead. If using a plugin, please upgrade to the latest version or report the issue to the plugin maintainer. To disable these warnings, set -Dmaven.project.sourceRoots.warningsDisabled=true on the command line, in the .mvn/maven.config file, or in project POM properties.
2026-03-13 09:44:25,112 [Worker-39: Building] WARN  o.apache.maven.project.MavenProject - Plugin is modifying testCompileSourceRoots through add(), which will not work in Maven 4.0.0. Use MavenProject.addTestCompileSourceRoot()/removeTestCompileSourceRoot() methods instead. If using a plugin, please upgrade to the latest version or report the issue to the plugin maintainer. To disable these warnings, set -Dmaven.project.sourceRoots.warningsDisabled=true on the command line, in the .mvn/maven.config file, or in project POM properties.
2026-03-13 09:45:10,679 [Worker-42: Building] INFO  o.a.m.s.f.DefaultMavenResourcesFiltering - Copying 1 resource from src\main\resources to target\classes
2026-03-13 09:45:10,687 [Worker-42: Building] INFO  o.a.m.s.f.DefaultMavenResourcesFiltering - Copying 2 resources from src\main\resources to target\classes
2026-03-13 09:45:10,695 [Worker-42: Building] INFO  o.a.m.s.f.DefaultMavenResourcesFiltering - skip non existing resourceDirectory C:\Users\user\Documents\Juan PC guillermo SpringAngularAWS\WORKSPACES\workspaceGQL\RecetasGraphql\src\test\resources
2026-03-13 09:45:10,695 [Worker-42: Building] WARN  o.apache.maven.project.MavenProject - Plugin is modifying compileSourceRoots through clear(), which will not work in Maven 4.0.0. Use MavenProject.addCompileSourceRoot()/removeCompileSourceRoot() methods instead. If using a plugin, please upgrade to the latest version or report the issue to the plugin maintainer. To disable these warnings, set -Dmaven.project.sourceRoots.warningsDisabled=true on the command line, in the .mvn/maven.config file, or in project POM properties.
2026-03-13 09:45:10,697 [Worker-42: Building] WARN  o.apache.maven.project.MavenProject - Plugin is modifying compileSourceRoots through add(), which will not work in Maven 4.0.0. Use MavenProject.addCompileSourceRoot()/removeCompileSourceRoot() methods instead. If using a plugin, please upgrade to the latest version or report the issue to the plugin maintainer. To disable these warnings, set -Dmaven.project.sourceRoots.warningsDisabled=true on the command line, in the .mvn/maven.config file, or in project POM properties.
2026-03-13 09:45:10,698 [Worker-42: Building] WARN  o.apache.maven.project.MavenProject - Plugin is modifying testCompileSourceRoots through clear(), which will not work in Maven 4.0.0. Use MavenProject.addTestCompileSourceRoot()/removeTestCompileSourceRoot() methods instead. If using a plugin, please upgrade to the latest version or report the issue to the plugin maintainer. To disable these warnings, set -Dmaven.project.sourceRoots.warningsDisabled=true on the command line, in the .mvn/maven.config file, or in project POM properties.
2026-03-13 09:45:10,699 [Worker-42: Building] WARN  o.apache.maven.project.MavenProject - Plugin is modifying testCompileSourceRoots through add(), which will not work in Maven 4.0.0. Use MavenProject.addTestCompileSourceRoot()/removeTestCompileSourceRoot() methods instead. If using a plugin, please upgrade to the latest version or report the issue to the plugin maintainer. To disable these warnings, set -Dmaven.project.sourceRoots.warningsDisabled=true on the command line, in the .mvn/maven.config file, or in project POM properties.
2026-03-13 09:45:40,815 [Worker-42: Building] INFO  o.a.m.s.f.DefaultMavenResourcesFiltering - Copying 1 resource from src\main\resources to target\classes
2026-03-13 09:45:40,821 [Worker-42: Building] INFO  o.a.m.s.f.DefaultMavenResourcesFiltering - Copying 2 resources from src\main\resources to target\classes
2026-03-13 09:45:40,826 [Worker-42: Building] INFO  o.a.m.s.f.DefaultMavenResourcesFiltering - skip non existing resourceDirectory C:\Users\user\Documents\Juan PC guillermo SpringAngularAWS\WORKSPACES\workspaceGQL\RecetasGraphql\src\test\resources
2026-03-13 09:45:40,826 [Worker-42: Building] WARN  o.apache.maven.project.MavenProject - Plugin is modifying compileSourceRoots through clear(), which will not work in Maven 4.0.0. Use MavenProject.addCompileSourceRoot()/removeCompileSourceRoot() methods instead. If using a plugin, please upgrade to the latest version or report the issue to the plugin maintainer. To disable these warnings, set -Dmaven.project.sourceRoots.warningsDisabled=true on the command line, in the .mvn/maven.config file, or in project POM properties.
2026-03-13 09:45:40,827 [Worker-42: Building] WARN  o.apache.maven.project.MavenProject - Plugin is modifying compileSourceRoots through add(), which will not work in Maven 4.0.0. Use MavenProject.addCompileSourceRoot()/removeCompileSourceRoot() methods instead. If using a plugin, please upgrade to the latest version or report the issue to the plugin maintainer. To disable these warnings, set -Dmaven.project.sourceRoots.warningsDisabled=true on the command line, in the .mvn/maven.config file, or in project POM properties.
2026-03-13 09:45:40,828 [Worker-42: Building] WARN  o.apache.maven.project.MavenProject - Plugin is modifying testCompileSourceRoots through clear(), which will not work in Maven 4.0.0. Use MavenProject.addTestCompileSourceRoot()/removeTestCompileSourceRoot() methods instead. If using a plugin, please upgrade to the latest version or report the issue to the plugin maintainer. To disable these warnings, set -Dmaven.project.sourceRoots.warningsDisabled=true on the command line, in the .mvn/maven.config file, or in project POM properties.
2026-03-13 09:45:40,828 [Worker-42: Building] WARN  o.apache.maven.project.MavenProject - Plugin is modifying testCompileSourceRoots through add(), which will not work in Maven 4.0.0. Use MavenProject.addTestCompileSourceRoot()/removeTestCompileSourceRoot() methods instead. If using a plugin, please upgrade to the latest version or report the issue to the plugin maintainer. To disable these warnings, set -Dmaven.project.sourceRoots.warningsDisabled=true on the command line, in the .mvn/maven.config file, or in project POM properties.
2026-03-13 10:02:36,798 [Worker-46: Building] INFO  o.a.m.s.f.DefaultMavenResourcesFiltering - Copying 1 resource from src\main\resources to target\classes
2026-03-13 10:02:36,844 [Worker-46: Building] INFO  o.a.m.s.f.DefaultMavenResourcesFiltering - Copying 2 resources from src\main\resources to target\classes
2026-03-13 10:02:36,863 [Worker-46: Building] INFO  o.a.m.s.f.DefaultMavenResourcesFiltering - skip non existing resourceDirectory C:\Users\user\Documents\Juan PC guillermo SpringAngularAWS\WORKSPACES\workspaceGQL\RecetasGraphql\src\test\resources
2026-03-13 10:02:36,863 [Worker-46: Building] WARN  o.apache.maven.project.MavenProject - Plugin is modifying compileSourceRoots through clear(), which will not work in Maven 4.0.0. Use MavenProject.addCompileSourceRoot()/removeCompileSourceRoot() methods instead. If using a plugin, please upgrade to the latest version or report the issue to the plugin maintainer. To disable these warnings, set -Dmaven.project.sourceRoots.warningsDisabled=true on the command line, in the .mvn/maven.config file, or in project POM properties.
2026-03-13 10:02:36,865 [Worker-46: Building] WARN  o.apache.maven.project.MavenProject - Plugin is modifying compileSourceRoots through add(), which will not work in Maven 4.0.0. Use MavenProject.addCompileSourceRoot()/removeCompileSourceRoot() methods instead. If using a plugin, please upgrade to the latest version or report the issue to the plugin maintainer. To disable these warnings, set -Dmaven.project.sourceRoots.warningsDisabled=true on the command line, in the .mvn/maven.config file, or in project POM properties.
2026-03-13 10:02:36,868 [Worker-46: Building] WARN  o.apache.maven.project.MavenProject - Plugin is modifying testCompileSourceRoots through clear(), which will not work in Maven 4.0.0. Use MavenProject.addTestCompileSourceRoot()/removeTestCompileSourceRoot() methods instead. If using a plugin, please upgrade to the latest version or report the issue to the plugin maintainer. To disable these warnings, set -Dmaven.project.sourceRoots.warningsDisabled=true on the command line, in the .mvn/maven.config file, or in project POM properties.
2026-03-13 10:02:36,870 [Worker-46: Building] WARN  o.apache.maven.project.MavenProject - Plugin is modifying testCompileSourceRoots through add(), which will not work in Maven 4.0.0. Use MavenProject.addTestCompileSourceRoot()/removeTestCompileSourceRoot() methods instead. If using a plugin, please upgrade to the latest version or report the issue to the plugin maintainer. To disable these warnings, set -Dmaven.project.sourceRoots.warningsDisabled=true on the command line, in the .mvn/maven.config file, or in project POM properties.
2026-03-13 10:02:49,516 [Worker-45: Updating Maven Project] INFO  o.e.m.c.i.p.ProjectConfigurationManager - Update started
2026-03-13 10:02:52,384 [Worker-45: Updating Maven Project] INFO  o.e.m.c.i.l.LifecycleMappingFactory - Using org.eclipse.m2e.jdt.JarLifecycleMapping lifecycle mapping for MavenProject: com.jao.spring.graphql:RecetasGraphql:0.0.1-SNAPSHOT @ C:\Users\user\Documents\Juan PC guillermo SpringAngularAWS\WORKSPACES\workspaceGQL\RecetasGraphql\pom.xml.
2026-03-13 10:02:55,042 [Worker-45: Updating Maven Project] INFO  o.e.m.j.i.AbstractJavaProjectConfigurator - Adding source folder /RecetasGraphql/src/main/java
2026-03-13 10:02:55,047 [Worker-45: Updating Maven Project] INFO  o.e.m.j.i.AbstractJavaProjectConfigurator - Adding resource folder /RecetasGraphql/src/main/resources
2026-03-13 10:02:55,048 [Worker-45: Updating Maven Project] INFO  o.e.m.j.i.AbstractJavaProjectConfigurator - Adding resource folder /RecetasGraphql/src/main/resources
2026-03-13 10:02:55,050 [Worker-45: Updating Maven Project] INFO  o.e.m.j.i.AbstractJavaProjectConfigurator - Adding source folder /RecetasGraphql/src/test/java
2026-03-13 10:02:55,051 [Worker-45: Updating Maven Project] INFO  o.e.m.j.i.AbstractJavaProjectConfigurator - Adding resource folder /RecetasGraphql/src/test/resources
2026-03-13 10:02:55,431 [Worker-45: Updating Maven Project] WARN  o.apache.maven.project.MavenProject - Plugin is modifying compileSourceRoots through clear(), which will not work in Maven 4.0.0. Use MavenProject.addCompileSourceRoot()/removeCompileSourceRoot() methods instead. If using a plugin, please upgrade to the latest version or report the issue to the plugin maintainer. To disable these warnings, set -Dmaven.project.sourceRoots.warningsDisabled=true on the command line, in the .mvn/maven.config file, or in project POM properties.
2026-03-13 10:02:55,432 [Worker-45: Updating Maven Project] WARN  o.apache.maven.project.MavenProject - Plugin is modifying compileSourceRoots through add(), which will not work in Maven 4.0.0. Use MavenProject.addCompileSourceRoot()/removeCompileSourceRoot() methods instead. If using a plugin, please upgrade to the latest version or report the issue to the plugin maintainer. To disable these warnings, set -Dmaven.project.sourceRoots.warningsDisabled=true on the command line, in the .mvn/maven.config file, or in project POM properties.
2026-03-13 10:02:55,433 [Worker-45: Updating Maven Project] WARN  o.apache.maven.project.MavenProject - Plugin is modifying testCompileSourceRoots through clear(), which will not work in Maven 4.0.0. Use MavenProject.addTestCompileSourceRoot()/removeTestCompileSourceRoot() methods instead. If using a plugin, please upgrade to the latest version or report the issue to the plugin maintainer. To disable these warnings, set -Dmaven.project.sourceRoots.warningsDisabled=true on the command line, in the .mvn/maven.config file, or in project POM properties.
2026-03-13 10:02:55,434 [Worker-45: Updating Maven Project] WARN  o.apache.maven.project.MavenProject - Plugin is modifying testCompileSourceRoots through add(), which will not work in Maven 4.0.0. Use MavenProject.addTestCompileSourceRoot()/removeTestCompileSourceRoot() methods instead. If using a plugin, please upgrade to the latest version or report the issue to the plugin maintainer. To disable these warnings, set -Dmaven.project.sourceRoots.warningsDisabled=true on the command line, in the .mvn/maven.config file, or in project POM properties.
2026-03-13 10:02:55,669 [Worker-45: Updating Maven Project] INFO  o.e.m.c.i.p.ProjectConfigurationManager - Update completed for 1 poms: local refresh takes 0,00 sec, refresh facades takes 5,00 sec, update config takes 0,00 sec 
2026-03-13 10:02:56,305 [Worker-48: Building] INFO  o.a.m.s.f.DefaultMavenResourcesFiltering - Copying 1 resource from src\main\resources to target\classes
2026-03-13 10:02:56,353 [Worker-48: Building] INFO  o.a.m.s.f.DefaultMavenResourcesFiltering - Copying 2 resources from src\main\resources to target\classes
2026-03-13 10:02:56,368 [Worker-48: Building] INFO  o.a.m.s.f.DefaultMavenResourcesFiltering - skip non existing resourceDirectory C:\Users\user\Documents\Juan PC guillermo SpringAngularAWS\WORKSPACES\workspaceGQL\RecetasGraphql\src\test\resources
2026-03-13 10:02:56,818 [Worker-48: Building] WARN  o.apache.maven.project.MavenProject - Plugin is modifying compileSourceRoots through clear(), which will not work in Maven 4.0.0. Use MavenProject.addCompileSourceRoot()/removeCompileSourceRoot() methods instead. If using a plugin, please upgrade to the latest version or report the issue to the plugin maintainer. To disable these warnings, set -Dmaven.project.sourceRoots.warningsDisabled=true on the command line, in the .mvn/maven.config file, or in project POM properties.
2026-03-13 10:02:56,819 [Worker-48: Building] WARN  o.apache.maven.project.MavenProject - Plugin is modifying compileSourceRoots through add(), which will not work in Maven 4.0.0. Use MavenProject.addCompileSourceRoot()/removeCompileSourceRoot() methods instead. If using a plugin, please upgrade to the latest version or report the issue to the plugin maintainer. To disable these warnings, set -Dmaven.project.sourceRoots.warningsDisabled=true on the command line, in the .mvn/maven.config file, or in project POM properties.
2026-03-13 10:02:56,820 [Worker-48: Building] WARN  o.apache.maven.project.MavenProject - Plugin is modifying testCompileSourceRoots through clear(), which will not work in Maven 4.0.0. Use MavenProject.addTestCompileSourceRoot()/removeTestCompileSourceRoot() methods instead. If using a plugin, please upgrade to the latest version or report the issue to the plugin maintainer. To disable these warnings, set -Dmaven.project.sourceRoots.warningsDisabled=true on the command line, in the .mvn/maven.config file, or in project POM properties.
2026-03-13 10:02:56,822 [Worker-48: Building] WARN  o.apache.maven.project.MavenProject - Plugin is modifying testCompileSourceRoots through add(), which will not work in Maven 4.0.0. Use MavenProject.addTestCompileSourceRoot()/removeTestCompileSourceRoot() methods instead. If using a plugin, please upgrade to the latest version or report the issue to the plugin maintainer. To disable these warnings, set -Dmaven.project.sourceRoots.warningsDisabled=true on the command line, in the .mvn/maven.config file, or in project POM properties.
2026-03-13 10:03:20,148 [Worker-42: Updating Maven Project] INFO  o.e.m.c.i.p.ProjectConfigurationManager - Update started
2026-03-13 10:03:20,510 [Worker-42: Updating Maven Project] INFO  o.e.m.c.i.l.LifecycleMappingFactory - Using org.eclipse.m2e.jdt.JarLifecycleMapping lifecycle mapping for MavenProject: com.jao.spring.graphql:RecetasGraphql:0.0.1-SNAPSHOT @ C:\Users\user\Documents\Juan PC guillermo SpringAngularAWS\WORKSPACES\workspaceGQL\RecetasGraphql\pom.xml.
2026-03-13 10:03:21,080 [Worker-42: Updating Maven Project] INFO  o.e.m.j.i.AbstractJavaProjectConfigurator - Adding source folder /RecetasGraphql/src/main/java
2026-03-13 10:03:21,081 [Worker-42: Updating Maven Project] INFO  o.e.m.j.i.AbstractJavaProjectConfigurator - Adding resource folder /RecetasGraphql/src/main/resources
2026-03-13 10:03:21,082 [Worker-42: Updating Maven Project] INFO  o.e.m.j.i.AbstractJavaProjectConfigurator - Adding resource folder /RecetasGraphql/src/main/resources
2026-03-13 10:03:21,082 [Worker-42: Updating Maven Project] INFO  o.e.m.j.i.AbstractJavaProjectConfigurator - Adding source folder /RecetasGraphql/src/test/java
2026-03-13 10:03:21,083 [Worker-42: Updating Maven Project] INFO  o.e.m.j.i.AbstractJavaProjectConfigurator - Adding resource folder /RecetasGraphql/src/test/resources
2026-03-13 10:03:21,342 [Worker-42: Updating Maven Project] WARN  o.apache.maven.project.MavenProject - Plugin is modifying compileSourceRoots through clear(), which will not work in Maven 4.0.0. Use MavenProject.addCompileSourceRoot()/removeCompileSourceRoot() methods instead. If using a plugin, please upgrade to the latest version or report the issue to the plugin maintainer. To disable these warnings, set -Dmaven.project.sourceRoots.warningsDisabled=true on the command line, in the .mvn/maven.config file, or in project POM properties.
2026-03-13 10:03:21,343 [Worker-42: Updating Maven Project] WARN  o.apache.maven.project.MavenProject - Plugin is modifying compileSourceRoots through add(), which will not work in Maven 4.0.0. Use MavenProject.addCompileSourceRoot()/removeCompileSourceRoot() methods instead. If using a plugin, please upgrade to the latest version or report the issue to the plugin maintainer. To disable these warnings, set -Dmaven.project.sourceRoots.warningsDisabled=true on the command line, in the .mvn/maven.config file, or in project POM properties.
2026-03-13 10:03:21,344 [Worker-42: Updating Maven Project] WARN  o.apache.maven.project.MavenProject - Plugin is modifying testCompileSourceRoots through clear(), which will not work in Maven 4.0.0. Use MavenProject.addTestCompileSourceRoot()/removeTestCompileSourceRoot() methods instead. If using a plugin, please upgrade to the latest version or report the issue to the plugin maintainer. To disable these warnings, set -Dmaven.project.sourceRoots.warningsDisabled=true on the command line, in the .mvn/maven.config file, or in project POM properties.
2026-03-13 10:03:21,345 [Worker-42: Updating Maven Project] WARN  o.apache.maven.project.MavenProject - Plugin is modifying testCompileSourceRoots through add(), which will not work in Maven 4.0.0. Use MavenProject.addTestCompileSourceRoot()/removeTestCompileSourceRoot() methods instead. If using a plugin, please upgrade to the latest version or report the issue to the plugin maintainer. To disable these warnings, set -Dmaven.project.sourceRoots.warningsDisabled=true on the command line, in the .mvn/maven.config file, or in project POM properties.
2026-03-13 10:03:21,467 [Worker-42: Updating Maven Project] INFO  o.e.m.c.i.p.ProjectConfigurationManager - Update completed for 1 poms: local refresh takes 0,00 sec, refresh facades takes 0,00 sec, update config takes 0,00 sec 
2026-03-13 10:03:21,879 [Worker-44: Building] INFO  o.a.m.s.f.DefaultMavenResourcesFiltering - Copying 1 resource from src\main\resources to target\classes
2026-03-13 10:03:21,918 [Worker-44: Building] INFO  o.a.m.s.f.DefaultMavenResourcesFiltering - Copying 2 resources from src\main\resources to target\classes
2026-03-13 10:03:21,928 [Worker-44: Building] INFO  o.a.m.s.f.DefaultMavenResourcesFiltering - skip non existing resourceDirectory C:\Users\user\Documents\Juan PC guillermo SpringAngularAWS\WORKSPACES\workspaceGQL\RecetasGraphql\src\test\resources
2026-03-13 10:03:21,947 [Worker-44: Building] WARN  o.apache.maven.project.MavenProject - Plugin is modifying compileSourceRoots through clear(), which will not work in Maven 4.0.0. Use MavenProject.addCompileSourceRoot()/removeCompileSourceRoot() methods instead. If using a plugin, please upgrade to the latest version or report the issue to the plugin maintainer. To disable these warnings, set -Dmaven.project.sourceRoots.warningsDisabled=true on the command line, in the .mvn/maven.config file, or in project POM properties.
2026-03-13 10:03:21,948 [Worker-44: Building] WARN  o.apache.maven.project.MavenProject - Plugin is modifying compileSourceRoots through add(), which will not work in Maven 4.0.0. Use MavenProject.addCompileSourceRoot()/removeCompileSourceRoot() methods instead. If using a plugin, please upgrade to the latest version or report the issue to the plugin maintainer. To disable these warnings, set -Dmaven.project.sourceRoots.warningsDisabled=true on the command line, in the .mvn/maven.config file, or in project POM properties.
2026-03-13 10:03:21,949 [Worker-44: Building] WARN  o.apache.maven.project.MavenProject - Plugin is modifying testCompileSourceRoots through clear(), which will not work in Maven 4.0.0. Use MavenProject.addTestCompileSourceRoot()/removeTestCompileSourceRoot() methods instead. If using a plugin, please upgrade to the latest version or report the issue to the plugin maintainer. To disable these warnings, set -Dmaven.project.sourceRoots.warningsDisabled=true on the command line, in the .mvn/maven.config file, or in project POM properties.
2026-03-13 10:03:21,950 [Worker-44: Building] WARN  o.apache.maven.project.MavenProject - Plugin is modifying testCompileSourceRoots through add(), which will not work in Maven 4.0.0. Use MavenProject.addTestCompileSourceRoot()/removeTestCompileSourceRoot() methods instead. If using a plugin, please upgrade to the latest version or report the issue to the plugin maintainer. To disable these warnings, set -Dmaven.project.sourceRoots.warningsDisabled=true on the command line, in the .mvn/maven.config file, or in project POM properties.
2026-03-13 10:03:33,761 [Worker-42: Launching Executing clean in C__Users_user_Documents_Juan PC guillermo SpringAngularAWS_WORKSPACES_workspaceGQL_RecetasGraphql] INFO  o.eclipse.m2e.core.internal.Bundles - getClasspathEntries(Bundle=org.eclipse.m2e.maven.runtime_3.9.1200.20260112-2306 [945])
2026-03-13 10:03:33,763 [Worker-42: Launching Executing clean in C__Users_user_Documents_Juan PC guillermo SpringAngularAWS_WORKSPACES_workspaceGQL_RecetasGraphql] INFO  o.eclipse.m2e.core.internal.Bundles - 	Entry: C:\Users\user\.p2\pool\plugins\org.eclipse.m2e.maven.runtime_3.9.1200.20260112-2306
2026-03-13 10:03:33,763 [Worker-42: Launching Executing clean in C__Users_user_Documents_Juan PC guillermo SpringAngularAWS_WORKSPACES_workspaceGQL_RecetasGraphql] INFO  o.eclipse.m2e.core.internal.Bundles - 	Entry: C:\Users\user\.p2\pool\plugins\org.eclipse.m2e.maven.runtime_3.9.1200.20260112-2306\jars\aopalliance-1.0.jar
2026-03-13 10:03:33,763 [Worker-42: Launching Executing clean in C__Users_user_Documents_Juan PC guillermo SpringAngularAWS_WORKSPACES_workspaceGQL_RecetasGraphql] INFO  o.eclipse.m2e.core.internal.Bundles - 	Entry: C:\Users\user\.p2\pool\plugins\org.eclipse.m2e.maven.runtime_3.9.1200.20260112-2306\jars\asm-9.9.jar
2026-03-13 10:03:33,764 [Worker-42: Launching Executing clean in C__Users_user_Documents_Juan PC guillermo SpringAngularAWS_WORKSPACES_workspaceGQL_RecetasGraphql] INFO  o.eclipse.m2e.core.internal.Bundles - 	Entry: C:\Users\user\.p2\pool\plugins\org.eclipse.m2e.maven.runtime_3.9.1200.20260112-2306\jars\error_prone_annotations-2.41.0.jar
2026-03-13 10:03:33,764 [Worker-42: Launching Executing clean in C__Users_user_Documents_Juan PC guillermo SpringAngularAWS_WORKSPACES_workspaceGQL_RecetasGraphql] INFO  o.eclipse.m2e.core.internal.Bundles - 	Entry: C:\Users\user\.p2\pool\plugins\org.eclipse.m2e.maven.runtime_3.9.1200.20260112-2306\jars\gson-2.13.2.jar
2026-03-13 10:03:33,764 [Worker-42: Launching Executing clean in C__Users_user_Documents_Juan PC guillermo SpringAngularAWS_WORKSPACES_workspaceGQL_RecetasGraphql] INFO  o.eclipse.m2e.core.internal.Bundles - 	Entry: C:\Users\user\.p2\pool\plugins\org.eclipse.m2e.maven.runtime_3.9.1200.20260112-2306\jars\guice-5.1.0-classes.jar
2026-03-13 10:03:33,764 [Worker-42: Launching Executing clean in C__Users_user_Documents_Juan PC guillermo SpringAngularAWS_WORKSPACES_workspaceGQL_RecetasGraphql] INFO  o.eclipse.m2e.core.internal.Bundles - 	Entry: C:\Users\user\.p2\pool\plugins\org.eclipse.m2e.maven.runtime_3.9.1200.20260112-2306\jars\httpclient-4.5.14.jar
2026-03-13 10:03:33,764 [Worker-42: Launching Executing clean in C__Users_user_Documents_Juan PC guillermo SpringAngularAWS_WORKSPACES_workspaceGQL_RecetasGraphql] INFO  o.eclipse.m2e.core.internal.Bundles - 	Entry: C:\Users\user\.p2\pool\plugins\org.eclipse.m2e.maven.runtime_3.9.1200.20260112-2306\jars\httpcore-4.4.16.jar
2026-03-13 10:03:33,764 [Worker-42: Launching Executing clean in C__Users_user_Documents_Juan PC guillermo SpringAngularAWS_WORKSPACES_workspaceGQL_RecetasGraphql] INFO  o.eclipse.m2e.core.internal.Bundles - 	Entry: C:\Users\user\.p2\pool\plugins\org.eclipse.m2e.maven.runtime_3.9.1200.20260112-2306\jars\jansi-2.4.2.jar
2026-03-13 10:03:33,764 [Worker-42: Launching Executing clean in C__Users_user_Documents_Juan PC guillermo SpringAngularAWS_WORKSPACES_workspaceGQL_RecetasGraphql] INFO  o.eclipse.m2e.core.internal.Bundles - 	Entry: C:\Users\user\.p2\pool\plugins\org.eclipse.m2e.maven.runtime_3.9.1200.20260112-2306\jars\jcl-over-slf4j-1.7.36.jar
2026-03-13 10:03:33,764 [Worker-42: Launching Executing clean in C__Users_user_Documents_Juan PC guillermo SpringAngularAWS_WORKSPACES_workspaceGQL_RecetasGraphql] INFO  o.eclipse.m2e.core.internal.Bundles - 	Entry: C:\Users\user\.p2\pool\plugins\org.eclipse.m2e.maven.runtime_3.9.1200.20260112-2306\jars\maven-artifact-3.9.12.jar
2026-03-13 10:03:33,765 [Worker-42: Launching Executing clean in C__Users_user_Documents_Juan PC guillermo SpringAngularAWS_WORKSPACES_workspaceGQL_RecetasGraphql] INFO  o.eclipse.m2e.core.internal.Bundles - 	Entry: C:\Users\user\.p2\pool\plugins\org.eclipse.m2e.maven.runtime_3.9.1200.20260112-2306\jars\maven-builder-support-3.9.12.jar
2026-03-13 10:03:33,765 [Worker-42: Launching Executing clean in C__Users_user_Documents_Juan PC guillermo SpringAngularAWS_WORKSPACES_workspaceGQL_RecetasGraphql] INFO  o.eclipse.m2e.core.internal.Bundles - 	Entry: C:\Users\user\.p2\pool\plugins\org.eclipse.m2e.maven.runtime_3.9.1200.20260112-2306\jars\maven-compat-3.9.12.jar
2026-03-13 10:03:33,765 [Worker-42: Launching Executing clean in C__Users_user_Documents_Juan PC guillermo SpringAngularAWS_WORKSPACES_workspaceGQL_RecetasGraphql] INFO  o.eclipse.m2e.core.internal.Bundles - 	Entry: C:\Users\user\.p2\pool\plugins\org.eclipse.m2e.maven.runtime_3.9.1200.20260112-2306\jars\maven-core-3.9.12.jar
2026-03-13 10:03:33,765 [Worker-42: Launching Executing clean in C__Users_user_Documents_Juan PC guillermo SpringAngularAWS_WORKSPACES_workspaceGQL_RecetasGraphql] INFO  o.eclipse.m2e.core.internal.Bundles - 	Entry: C:\Users\user\.p2\pool\plugins\org.eclipse.m2e.maven.runtime_3.9.1200.20260112-2306\jars\maven-embedder-3.9.12.jar
2026-03-13 10:03:33,765 [Worker-42: Launching Executing clean in C__Users_user_Documents_Juan PC guillermo SpringAngularAWS_WORKSPACES_workspaceGQL_RecetasGraphql] INFO  o.eclipse.m2e.core.internal.Bundles - 	Entry: C:\Users\user\.p2\pool\plugins\org.eclipse.m2e.maven.runtime_3.9.1200.20260112-2306\jars\maven-model-3.9.12.jar
2026-03-13 10:03:33,765 [Worker-42: Launching Executing clean in C__Users_user_Documents_Juan PC guillermo SpringAngularAWS_WORKSPACES_workspaceGQL_RecetasGraphql] INFO  o.eclipse.m2e.core.internal.Bundles - 	Entry: C:\Users\user\.p2\pool\plugins\org.eclipse.m2e.maven.runtime_3.9.1200.20260112-2306\jars\maven-model-builder-3.9.12.jar
2026-03-13 10:03:33,765 [Worker-42: Launching Executing clean in C__Users_user_Documents_Juan PC guillermo SpringAngularAWS_WORKSPACES_workspaceGQL_RecetasGraphql] INFO  o.eclipse.m2e.core.internal.Bundles - 	Entry: C:\Users\user\.p2\pool\plugins\org.eclipse.m2e.maven.runtime_3.9.1200.20260112-2306\jars\maven-plugin-api-3.9.12.jar
2026-03-13 10:03:33,765 [Worker-42: Launching Executing clean in C__Users_user_Documents_Juan PC guillermo SpringAngularAWS_WORKSPACES_workspaceGQL_RecetasGraphql] INFO  o.eclipse.m2e.core.internal.Bundles - 	Entry: C:\Users\user\.p2\pool\plugins\org.eclipse.m2e.maven.runtime_3.9.1200.20260112-2306\jars\maven-repository-metadata-3.9.12.jar
2026-03-13 10:03:33,766 [Worker-42: Launching Executing clean in C__Users_user_Documents_Juan PC guillermo SpringAngularAWS_WORKSPACES_workspaceGQL_RecetasGraphql] INFO  o.eclipse.m2e.core.internal.Bundles - 	Entry: C:\Users\user\.p2\pool\plugins\org.eclipse.m2e.maven.runtime_3.9.1200.20260112-2306\jars\maven-resolver-api-1.9.25.jar
2026-03-13 10:03:33,766 [Worker-42: Launching Executing clean in C__Users_user_Documents_Juan PC guillermo SpringAngularAWS_WORKSPACES_workspaceGQL_RecetasGraphql] INFO  o.eclipse.m2e.core.internal.Bundles - 	Entry: C:\Users\user\.p2\pool\plugins\org.eclipse.m2e.maven.runtime_3.9.1200.20260112-2306\jars\maven-resolver-connector-basic-1.9.25.jar
2026-03-13 10:03:33,766 [Worker-42: Launching Executing clean in C__Users_user_Documents_Juan PC guillermo SpringAngularAWS_WORKSPACES_workspaceGQL_RecetasGraphql] INFO  o.eclipse.m2e.core.internal.Bundles - 	Entry: C:\Users\user\.p2\pool\plugins\org.eclipse.m2e.maven.runtime_3.9.1200.20260112-2306\jars\maven-resolver-impl-1.9.25.jar
2026-03-13 10:03:33,766 [Worker-42: Launching Executing clean in C__Users_user_Documents_Juan PC guillermo SpringAngularAWS_WORKSPACES_workspaceGQL_RecetasGraphql] INFO  o.eclipse.m2e.core.internal.Bundles - 	Entry: C:\Users\user\.p2\pool\plugins\org.eclipse.m2e.maven.runtime_3.9.1200.20260112-2306\jars\maven-resolver-named-locks-1.9.25.jar
2026-03-13 10:03:33,766 [Worker-42: Launching Executing clean in C__Users_user_Documents_Juan PC guillermo SpringAngularAWS_WORKSPACES_workspaceGQL_RecetasGraphql] INFO  o.eclipse.m2e.core.internal.Bundles - 	Entry: C:\Users\user\.p2\pool\plugins\org.eclipse.m2e.maven.runtime_3.9.1200.20260112-2306\jars\maven-resolver-provider-3.9.12.jar
2026-03-13 10:03:33,766 [Worker-42: Launching Executing clean in C__Users_user_Documents_Juan PC guillermo SpringAngularAWS_WORKSPACES_workspaceGQL_RecetasGraphql] INFO  o.eclipse.m2e.core.internal.Bundles - 	Entry: C:\Users\user\.p2\pool\plugins\org.eclipse.m2e.maven.runtime_3.9.1200.20260112-2306\jars\maven-resolver-spi-1.9.25.jar
2026-03-13 10:03:33,766 [Worker-42: Launching Executing clean in C__Users_user_Documents_Juan PC guillermo SpringAngularAWS_WORKSPACES_workspaceGQL_RecetasGraphql] INFO  o.eclipse.m2e.core.internal.Bundles - 	Entry: C:\Users\user\.p2\pool\plugins\org.eclipse.m2e.maven.runtime_3.9.1200.20260112-2306\jars\maven-resolver-transport-file-1.9.25.jar
2026-03-13 10:03:33,766 [Worker-42: Launching Executing clean in C__Users_user_Documents_Juan PC guillermo SpringAngularAWS_WORKSPACES_workspaceGQL_RecetasGraphql] INFO  o.eclipse.m2e.core.internal.Bundles - 	Entry: C:\Users\user\.p2\pool\plugins\org.eclipse.m2e.maven.runtime_3.9.1200.20260112-2306\jars\maven-resolver-transport-http-1.9.25.jar
2026-03-13 10:03:33,767 [Worker-42: Launching Executing clean in C__Users_user_Documents_Juan PC guillermo SpringAngularAWS_WORKSPACES_workspaceGQL_RecetasGraphql] INFO  o.eclipse.m2e.core.internal.Bundles - 	Entry: C:\Users\user\.p2\pool\plugins\org.eclipse.m2e.maven.runtime_3.9.1200.20260112-2306\jars\maven-resolver-transport-wagon-1.9.25.jar
2026-03-13 10:03:33,767 [Worker-42: Launching Executing clean in C__Users_user_Documents_Juan PC guillermo SpringAngularAWS_WORKSPACES_workspaceGQL_RecetasGraphql] INFO  o.eclipse.m2e.core.internal.Bundles - 	Entry: C:\Users\user\.p2\pool\plugins\org.eclipse.m2e.maven.runtime_3.9.1200.20260112-2306\jars\maven-resolver-util-1.9.25.jar
2026-03-13 10:03:33,767 [Worker-42: Launching Executing clean in C__Users_user_Documents_Juan PC guillermo SpringAngularAWS_WORKSPACES_workspaceGQL_RecetasGraphql] INFO  o.eclipse.m2e.core.internal.Bundles - 	Entry: C:\Users\user\.p2\pool\plugins\org.eclipse.m2e.maven.runtime_3.9.1200.20260112-2306\jars\maven-settings-3.9.12.jar
2026-03-13 10:03:33,767 [Worker-42: Launching Executing clean in C__Users_user_Documents_Juan PC guillermo SpringAngularAWS_WORKSPACES_workspaceGQL_RecetasGraphql] INFO  o.eclipse.m2e.core.internal.Bundles - 	Entry: C:\Users\user\.p2\pool\plugins\org.eclipse.m2e.maven.runtime_3.9.1200.20260112-2306\jars\maven-settings-builder-3.9.12.jar
2026-03-13 10:03:33,767 [Worker-42: Launching Executing clean in C__Users_user_Documents_Juan PC guillermo SpringAngularAWS_WORKSPACES_workspaceGQL_RecetasGraphql] INFO  o.eclipse.m2e.core.internal.Bundles - 	Entry: C:\Users\user\.p2\pool\plugins\org.eclipse.m2e.maven.runtime_3.9.1200.20260112-2306\jars\maven-shared-utils-3.4.2.jar
2026-03-13 10:03:33,767 [Worker-42: Launching Executing clean in C__Users_user_Documents_Juan PC guillermo SpringAngularAWS_WORKSPACES_workspaceGQL_RecetasGraphql] INFO  o.eclipse.m2e.core.internal.Bundles - 	Entry: C:\Users\user\.p2\pool\plugins\org.eclipse.m2e.maven.runtime_3.9.1200.20260112-2306\jars\org.eclipse.sisu.inject-0.9.0.M4.jar
2026-03-13 10:03:33,767 [Worker-42: Launching Executing clean in C__Users_user_Documents_Juan PC guillermo SpringAngularAWS_WORKSPACES_workspaceGQL_RecetasGraphql] INFO  o.eclipse.m2e.core.internal.Bundles - 	Entry: C:\Users\user\.p2\pool\plugins\org.eclipse.m2e.maven.runtime_3.9.1200.20260112-2306\jars\org.eclipse.sisu.plexus-0.9.0.M4.jar
2026-03-13 10:03:33,767 [Worker-42: Launching Executing clean in C__Users_user_Documents_Juan PC guillermo SpringAngularAWS_WORKSPACES_workspaceGQL_RecetasGraphql] INFO  o.eclipse.m2e.core.internal.Bundles - 	Entry: C:\Users\user\.p2\pool\plugins\org.eclipse.m2e.maven.runtime_3.9.1200.20260112-2306\jars\plexus-build-api-0.0.7.jar
2026-03-13 10:03:33,768 [Worker-42: Launching Executing clean in C__Users_user_Documents_Juan PC guillermo SpringAngularAWS_WORKSPACES_workspaceGQL_RecetasGraphql] INFO  o.eclipse.m2e.core.internal.Bundles - 	Entry: C:\Users\user\.p2\pool\plugins\org.eclipse.m2e.maven.runtime_3.9.1200.20260112-2306\jars\plexus-build-api-1.2.0.jar
2026-03-13 10:03:33,768 [Worker-42: Launching Executing clean in C__Users_user_Documents_Juan PC guillermo SpringAngularAWS_WORKSPACES_workspaceGQL_RecetasGraphql] INFO  o.eclipse.m2e.core.internal.Bundles - 	Entry: C:\Users\user\.p2\pool\plugins\org.eclipse.m2e.maven.runtime_3.9.1200.20260112-2306\jars\plexus-cipher-2.0.jar
2026-03-13 10:03:33,768 [Worker-42: Launching Executing clean in C__Users_user_Documents_Juan PC guillermo SpringAngularAWS_WORKSPACES_workspaceGQL_RecetasGraphql] INFO  o.eclipse.m2e.core.internal.Bundles - 	Entry: C:\Users\user\.p2\pool\plugins\org.eclipse.m2e.maven.runtime_3.9.1200.20260112-2306\jars\plexus-classworlds-2.9.0.jar
2026-03-13 10:03:33,768 [Worker-42: Launching Executing clean in C__Users_user_Documents_Juan PC guillermo SpringAngularAWS_WORKSPACES_workspaceGQL_RecetasGraphql] INFO  o.eclipse.m2e.core.internal.Bundles - 	Entry: C:\Users\user\.p2\pool\plugins\org.eclipse.m2e.maven.runtime_3.9.1200.20260112-2306\jars\plexus-component-annotations-2.2.0.jar
2026-03-13 10:03:33,768 [Worker-42: Launching Executing clean in C__Users_user_Documents_Juan PC guillermo SpringAngularAWS_WORKSPACES_workspaceGQL_RecetasGraphql] INFO  o.eclipse.m2e.core.internal.Bundles - 	Entry: C:\Users\user\.p2\pool\plugins\org.eclipse.m2e.maven.runtime_3.9.1200.20260112-2306\jars\plexus-interpolation-1.29.jar
2026-03-13 10:03:33,768 [Worker-42: Launching Executing clean in C__Users_user_Documents_Juan PC guillermo SpringAngularAWS_WORKSPACES_workspaceGQL_RecetasGraphql] INFO  o.eclipse.m2e.core.internal.Bundles - 	Entry: C:\Users\user\.p2\pool\plugins\org.eclipse.m2e.maven.runtime_3.9.1200.20260112-2306\jars\plexus-sec-dispatcher-2.0.jar
2026-03-13 10:03:33,768 [Worker-42: Launching Executing clean in C__Users_user_Documents_Juan PC guillermo SpringAngularAWS_WORKSPACES_workspaceGQL_RecetasGraphql] INFO  o.eclipse.m2e.core.internal.Bundles - 	Entry: C:\Users\user\.p2\pool\plugins\org.eclipse.m2e.maven.runtime_3.9.1200.20260112-2306\jars\plexus-utils-3.6.0.jar
2026-03-13 10:03:33,768 [Worker-42: Launching Executing clean in C__Users_user_Documents_Juan PC guillermo SpringAngularAWS_WORKSPACES_workspaceGQL_RecetasGraphql] INFO  o.eclipse.m2e.core.internal.Bundles - 	Entry: C:\Users\user\.p2\pool\plugins\org.eclipse.m2e.maven.runtime_3.9.1200.20260112-2306\jars\wagon-file-3.5.3.jar
2026-03-13 10:03:33,769 [Worker-42: Launching Executing clean in C__Users_user_Documents_Juan PC guillermo SpringAngularAWS_WORKSPACES_workspaceGQL_RecetasGraphql] INFO  o.eclipse.m2e.core.internal.Bundles - 	Entry: C:\Users\user\.p2\pool\plugins\org.eclipse.m2e.maven.runtime_3.9.1200.20260112-2306\jars\wagon-http-3.5.3.jar
2026-03-13 10:03:33,769 [Worker-42: Launching Executing clean in C__Users_user_Documents_Juan PC guillermo SpringAngularAWS_WORKSPACES_workspaceGQL_RecetasGraphql] INFO  o.eclipse.m2e.core.internal.Bundles - 	Entry: C:\Users\user\.p2\pool\plugins\org.eclipse.m2e.maven.runtime_3.9.1200.20260112-2306\jars\wagon-http-shared-3.5.3.jar
2026-03-13 10:03:33,769 [Worker-42: Launching Executing clean in C__Users_user_Documents_Juan PC guillermo SpringAngularAWS_WORKSPACES_workspaceGQL_RecetasGraphql] INFO  o.eclipse.m2e.core.internal.Bundles - 	Entry: C:\Users\user\.p2\pool\plugins\org.eclipse.m2e.maven.runtime_3.9.1200.20260112-2306\jars\wagon-provider-api-3.5.3.jar
2026-03-13 10:03:33,771 [Worker-42: Launching Executing clean in C__Users_user_Documents_Juan PC guillermo SpringAngularAWS_WORKSPACES_workspaceGQL_RecetasGraphql] INFO  o.eclipse.m2e.core.internal.Bundles - getClasspathEntries(Bundle=com.google.guava_33.5.0.jre [617])
2026-03-13 10:03:33,771 [Worker-42: Launching Executing clean in C__Users_user_Documents_Juan PC guillermo SpringAngularAWS_WORKSPACES_workspaceGQL_RecetasGraphql] INFO  o.eclipse.m2e.core.internal.Bundles - 	Entry: C:\Users\user\.p2\pool\plugins\com.google.guava_33.5.0.jre.jar
2026-03-13 10:03:33,771 [Worker-42: Launching Executing clean in C__Users_user_Documents_Juan PC guillermo SpringAngularAWS_WORKSPACES_workspaceGQL_RecetasGraphql] INFO  o.eclipse.m2e.core.internal.Bundles - getClasspathEntries(Bundle=slf4j.api_2.0.17 [609])
2026-03-13 10:03:33,772 [Worker-42: Launching Executing clean in C__Users_user_Documents_Juan PC guillermo SpringAngularAWS_WORKSPACES_workspaceGQL_RecetasGraphql] INFO  o.eclipse.m2e.core.internal.Bundles - 	Entry: C:\Users\user\.p2\pool\plugins\slf4j.api_2.0.17.jar
2026-03-13 10:03:33,772 [Worker-42: Launching Executing clean in C__Users_user_Documents_Juan PC guillermo SpringAngularAWS_WORKSPACES_workspaceGQL_RecetasGraphql] INFO  o.eclipse.m2e.core.internal.Bundles - getClasspathEntries(Bundle=jakarta.inject.jakarta.inject-api_1.0.5 [22])
2026-03-13 10:03:33,772 [Worker-42: Launching Executing clean in C__Users_user_Documents_Juan PC guillermo SpringAngularAWS_WORKSPACES_workspaceGQL_RecetasGraphql] INFO  o.eclipse.m2e.core.internal.Bundles - 	Entry: C:\Users\user\.p2\pool\plugins\jakarta.inject.jakarta.inject-api_1.0.5.jar
2026-03-13 10:03:33,772 [Worker-42: Launching Executing clean in C__Users_user_Documents_Juan PC guillermo SpringAngularAWS_WORKSPACES_workspaceGQL_RecetasGraphql] INFO  o.eclipse.m2e.core.internal.Bundles - getClasspathEntries(Bundle=javax.annotation_1.3.5.v20200909-1856 [552])
2026-03-13 10:03:33,773 [Worker-42: Launching Executing clean in C__Users_user_Documents_Juan PC guillermo SpringAngularAWS_WORKSPACES_workspaceGQL_RecetasGraphql] INFO  o.eclipse.m2e.core.internal.Bundles - 	Entry: C:\Users\user\.p2\pool\plugins\javax.annotation_1.3.5.v20200909-1856.jar
2026-03-13 10:03:33,773 [Worker-42: Launching Executing clean in C__Users_user_Documents_Juan PC guillermo SpringAngularAWS_WORKSPACES_workspaceGQL_RecetasGraphql] INFO  o.eclipse.m2e.core.internal.Bundles - getClasspathEntries(Bundle=org.apache.commons.cli_1.11.0 [725])
2026-03-13 10:03:33,773 [Worker-42: Launching Executing clean in C__Users_user_Documents_Juan PC guillermo SpringAngularAWS_WORKSPACES_workspaceGQL_RecetasGraphql] INFO  o.eclipse.m2e.core.internal.Bundles - 	Entry: C:\Users\user\.p2\pool\plugins\org.apache.commons.cli_1.11.0.jar
2026-03-13 10:03:33,774 [Worker-42: Launching Executing clean in C__Users_user_Documents_Juan PC guillermo SpringAngularAWS_WORKSPACES_workspaceGQL_RecetasGraphql] INFO  o.eclipse.m2e.core.internal.Bundles - getClasspathEntries(Bundle=org.apache.commons.commons-codec_1.21.0 [726])
2026-03-13 10:03:33,774 [Worker-42: Launching Executing clean in C__Users_user_Documents_Juan PC guillermo SpringAngularAWS_WORKSPACES_workspaceGQL_RecetasGraphql] INFO  o.eclipse.m2e.core.internal.Bundles - 	Entry: C:\Users\user\.p2\pool\plugins\org.apache.commons.commons-codec_1.21.0.jar
2026-03-13 10:03:33,774 [Worker-42: Launching Executing clean in C__Users_user_Documents_Juan PC guillermo SpringAngularAWS_WORKSPACES_workspaceGQL_RecetasGraphql] INFO  o.eclipse.m2e.core.internal.Bundles - getClasspathEntries(Bundle=com.google.guava.failureaccess_1.0.3 [618])
2026-03-13 10:03:33,774 [Worker-42: Launching Executing clean in C__Users_user_Documents_Juan PC guillermo SpringAngularAWS_WORKSPACES_workspaceGQL_RecetasGraphql] INFO  o.eclipse.m2e.core.internal.Bundles - 	Entry: C:\Users\user\.p2\pool\plugins\com.google.guava.failureaccess_1.0.3.jar
2026-03-13 10:03:33,779 [Worker-42: Launching Executing clean in C__Users_user_Documents_Juan PC guillermo SpringAngularAWS_WORKSPACES_workspaceGQL_RecetasGraphql] INFO  o.e.m.i.launch.MavenLaunchDelegate - Run build in "C:\Users\user\Documents\Juan PC guillermo SpringAngularAWS\WORKSPACES\workspaceGQL\RecetasGraphql":
2026-03-13 10:03:33,789 [Worker-42: Launching Executing clean in C__Users_user_Documents_Juan PC guillermo SpringAngularAWS_WORKSPACES_workspaceGQL_RecetasGraphql] INFO  o.e.m.i.launch.MavenLaunchDelegate -  mvn  -B -Dstyle.color=always clean
2026-03-13 10:03:38,299 [Worker-49: Building] INFO  o.a.m.s.f.DefaultMavenResourcesFiltering - Copying 1 resource from src\main\resources to target\classes
2026-03-13 10:03:38,303 [Worker-49: Building] INFO  o.a.m.s.f.DefaultMavenResourcesFiltering - Copying 2 resources from src\main\resources to target\classes
2026-03-13 10:03:38,319 [Worker-49: Building] INFO  o.a.m.s.f.DefaultMavenResourcesFiltering - skip non existing resourceDirectory C:\Users\user\Documents\Juan PC guillermo SpringAngularAWS\WORKSPACES\workspaceGQL\RecetasGraphql\src\test\resources
2026-03-13 10:03:38,346 [Worker-49: Building] WARN  o.apache.maven.project.MavenProject - Plugin is modifying compileSourceRoots through clear(), which will not work in Maven 4.0.0. Use MavenProject.addCompileSourceRoot()/removeCompileSourceRoot() methods instead. If using a plugin, please upgrade to the latest version or report the issue to the plugin maintainer. To disable these warnings, set -Dmaven.project.sourceRoots.warningsDisabled=true on the command line, in the .mvn/maven.config file, or in project POM properties.
2026-03-13 10:03:38,347 [Worker-49: Building] WARN  o.apache.maven.project.MavenProject - Plugin is modifying compileSourceRoots through add(), which will not work in Maven 4.0.0. Use MavenProject.addCompileSourceRoot()/removeCompileSourceRoot() methods instead. If using a plugin, please upgrade to the latest version or report the issue to the plugin maintainer. To disable these warnings, set -Dmaven.project.sourceRoots.warningsDisabled=true on the command line, in the .mvn/maven.config file, or in project POM properties.
2026-03-13 10:03:38,351 [Worker-49: Building] WARN  o.apache.maven.project.MavenProject - Plugin is modifying testCompileSourceRoots through clear(), which will not work in Maven 4.0.0. Use MavenProject.addTestCompileSourceRoot()/removeTestCompileSourceRoot() methods instead. If using a plugin, please upgrade to the latest version or report the issue to the plugin maintainer. To disable these warnings, set -Dmaven.project.sourceRoots.warningsDisabled=true on the command line, in the .mvn/maven.config file, or in project POM properties.
2026-03-13 10:03:38,351 [Worker-49: Building] WARN  o.apache.maven.project.MavenProject - Plugin is modifying testCompileSourceRoots through add(), which will not work in Maven 4.0.0. Use MavenProject.addTestCompileSourceRoot()/removeTestCompileSourceRoot() methods instead. If using a plugin, please upgrade to the latest version or report the issue to the plugin maintainer. To disable these warnings, set -Dmaven.project.sourceRoots.warningsDisabled=true on the command line, in the .mvn/maven.config file, or in project POM properties.
2026-03-13 10:03:42,533 [Worker-42: Launching Executing install in C__Users_user_Documents_Juan PC guillermo SpringAngularAWS_WORKSPACES_workspaceGQL_RecetasGraphql] INFO  o.eclipse.m2e.core.internal.Bundles - getClasspathEntries(Bundle=org.eclipse.m2e.maven.runtime_3.9.1200.20260112-2306 [945])
2026-03-13 10:03:42,534 [Worker-42: Launching Executing install in C__Users_user_Documents_Juan PC guillermo SpringAngularAWS_WORKSPACES_workspaceGQL_RecetasGraphql] INFO  o.eclipse.m2e.core.internal.Bundles - 	Entry: C:\Users\user\.p2\pool\plugins\org.eclipse.m2e.maven.runtime_3.9.1200.20260112-2306
2026-03-13 10:03:42,534 [Worker-42: Launching Executing install in C__Users_user_Documents_Juan PC guillermo SpringAngularAWS_WORKSPACES_workspaceGQL_RecetasGraphql] INFO  o.eclipse.m2e.core.internal.Bundles - 	Entry: C:\Users\user\.p2\pool\plugins\org.eclipse.m2e.maven.runtime_3.9.1200.20260112-2306\jars\aopalliance-1.0.jar
2026-03-13 10:03:42,534 [Worker-42: Launching Executing install in C__Users_user_Documents_Juan PC guillermo SpringAngularAWS_WORKSPACES_workspaceGQL_RecetasGraphql] INFO  o.eclipse.m2e.core.internal.Bundles - 	Entry: C:\Users\user\.p2\pool\plugins\org.eclipse.m2e.maven.runtime_3.9.1200.20260112-2306\jars\asm-9.9.jar
2026-03-13 10:03:42,535 [Worker-42: Launching Executing install in C__Users_user_Documents_Juan PC guillermo SpringAngularAWS_WORKSPACES_workspaceGQL_RecetasGraphql] INFO  o.eclipse.m2e.core.internal.Bundles - 	Entry: C:\Users\user\.p2\pool\plugins\org.eclipse.m2e.maven.runtime_3.9.1200.20260112-2306\jars\error_prone_annotations-2.41.0.jar
2026-03-13 10:03:42,535 [Worker-42: Launching Executing install in C__Users_user_Documents_Juan PC guillermo SpringAngularAWS_WORKSPACES_workspaceGQL_RecetasGraphql] INFO  o.eclipse.m2e.core.internal.Bundles - 	Entry: C:\Users\user\.p2\pool\plugins\org.eclipse.m2e.maven.runtime_3.9.1200.20260112-2306\jars\gson-2.13.2.jar
2026-03-13 10:03:42,535 [Worker-42: Launching Executing install in C__Users_user_Documents_Juan PC guillermo SpringAngularAWS_WORKSPACES_workspaceGQL_RecetasGraphql] INFO  o.eclipse.m2e.core.internal.Bundles - 	Entry: C:\Users\user\.p2\pool\plugins\org.eclipse.m2e.maven.runtime_3.9.1200.20260112-2306\jars\guice-5.1.0-classes.jar
2026-03-13 10:03:42,535 [Worker-42: Launching Executing install in C__Users_user_Documents_Juan PC guillermo SpringAngularAWS_WORKSPACES_workspaceGQL_RecetasGraphql] INFO  o.eclipse.m2e.core.internal.Bundles - 	Entry: C:\Users\user\.p2\pool\plugins\org.eclipse.m2e.maven.runtime_3.9.1200.20260112-2306\jars\httpclient-4.5.14.jar
2026-03-13 10:03:42,535 [Worker-42: Launching Executing install in C__Users_user_Documents_Juan PC guillermo SpringAngularAWS_WORKSPACES_workspaceGQL_RecetasGraphql] INFO  o.eclipse.m2e.core.internal.Bundles - 	Entry: C:\Users\user\.p2\pool\plugins\org.eclipse.m2e.maven.runtime_3.9.1200.20260112-2306\jars\httpcore-4.4.16.jar
2026-03-13 10:03:42,535 [Worker-42: Launching Executing install in C__Users_user_Documents_Juan PC guillermo SpringAngularAWS_WORKSPACES_workspaceGQL_RecetasGraphql] INFO  o.eclipse.m2e.core.internal.Bundles - 	Entry: C:\Users\user\.p2\pool\plugins\org.eclipse.m2e.maven.runtime_3.9.1200.20260112-2306\jars\jansi-2.4.2.jar
2026-03-13 10:03:42,535 [Worker-42: Launching Executing install in C__Users_user_Documents_Juan PC guillermo SpringAngularAWS_WORKSPACES_workspaceGQL_RecetasGraphql] INFO  o.eclipse.m2e.core.internal.Bundles - 	Entry: C:\Users\user\.p2\pool\plugins\org.eclipse.m2e.maven.runtime_3.9.1200.20260112-2306\jars\jcl-over-slf4j-1.7.36.jar
2026-03-13 10:03:42,535 [Worker-42: Launching Executing install in C__Users_user_Documents_Juan PC guillermo SpringAngularAWS_WORKSPACES_workspaceGQL_RecetasGraphql] INFO  o.eclipse.m2e.core.internal.Bundles - 	Entry: C:\Users\user\.p2\pool\plugins\org.eclipse.m2e.maven.runtime_3.9.1200.20260112-2306\jars\maven-artifact-3.9.12.jar
2026-03-13 10:03:42,536 [Worker-42: Launching Executing install in C__Users_user_Documents_Juan PC guillermo SpringAngularAWS_WORKSPACES_workspaceGQL_RecetasGraphql] INFO  o.eclipse.m2e.core.internal.Bundles - 	Entry: C:\Users\user\.p2\pool\plugins\org.eclipse.m2e.maven.runtime_3.9.1200.20260112-2306\jars\maven-builder-support-3.9.12.jar
2026-03-13 10:03:42,536 [Worker-42: Launching Executing install in C__Users_user_Documents_Juan PC guillermo SpringAngularAWS_WORKSPACES_workspaceGQL_RecetasGraphql] INFO  o.eclipse.m2e.core.internal.Bundles - 	Entry: C:\Users\user\.p2\pool\plugins\org.eclipse.m2e.maven.runtime_3.9.1200.20260112-2306\jars\maven-compat-3.9.12.jar
2026-03-13 10:03:42,536 [Worker-42: Launching Executing install in C__Users_user_Documents_Juan PC guillermo SpringAngularAWS_WORKSPACES_workspaceGQL_RecetasGraphql] INFO  o.eclipse.m2e.core.internal.Bundles - 	Entry: C:\Users\user\.p2\pool\plugins\org.eclipse.m2e.maven.runtime_3.9.1200.20260112-2306\jars\maven-core-3.9.12.jar
2026-03-13 10:03:42,536 [Worker-42: Launching Executing install in C__Users_user_Documents_Juan PC guillermo SpringAngularAWS_WORKSPACES_workspaceGQL_RecetasGraphql] INFO  o.eclipse.m2e.core.internal.Bundles - 	Entry: C:\Users\user\.p2\pool\plugins\org.eclipse.m2e.maven.runtime_3.9.1200.20260112-2306\jars\maven-embedder-3.9.12.jar
2026-03-13 10:03:42,536 [Worker-42: Launching Executing install in C__Users_user_Documents_Juan PC guillermo SpringAngularAWS_WORKSPACES_workspaceGQL_RecetasGraphql] INFO  o.eclipse.m2e.core.internal.Bundles - 	Entry: C:\Users\user\.p2\pool\plugins\org.eclipse.m2e.maven.runtime_3.9.1200.20260112-2306\jars\maven-model-3.9.12.jar
2026-03-13 10:03:42,536 [Worker-42: Launching Executing install in C__Users_user_Documents_Juan PC guillermo SpringAngularAWS_WORKSPACES_workspaceGQL_RecetasGraphql] INFO  o.eclipse.m2e.core.internal.Bundles - 	Entry: C:\Users\user\.p2\pool\plugins\org.eclipse.m2e.maven.runtime_3.9.1200.20260112-2306\jars\maven-model-builder-3.9.12.jar
2026-03-13 10:03:42,536 [Worker-42: Launching Executing install in C__Users_user_Documents_Juan PC guillermo SpringAngularAWS_WORKSPACES_workspaceGQL_RecetasGraphql] INFO  o.eclipse.m2e.core.internal.Bundles - 	Entry: C:\Users\user\.p2\pool\plugins\org.eclipse.m2e.maven.runtime_3.9.1200.20260112-2306\jars\maven-plugin-api-3.9.12.jar
2026-03-13 10:03:42,536 [Worker-42: Launching Executing install in C__Users_user_Documents_Juan PC guillermo SpringAngularAWS_WORKSPACES_workspaceGQL_RecetasGraphql] INFO  o.eclipse.m2e.core.internal.Bundles - 	Entry: C:\Users\user\.p2\pool\plugins\org.eclipse.m2e.maven.runtime_3.9.1200.20260112-2306\jars\maven-repository-metadata-3.9.12.jar
2026-03-13 10:03:42,537 [Worker-42: Launching Executing install in C__Users_user_Documents_Juan PC guillermo SpringAngularAWS_WORKSPACES_workspaceGQL_RecetasGraphql] INFO  o.eclipse.m2e.core.internal.Bundles - 	Entry: C:\Users\user\.p2\pool\plugins\org.eclipse.m2e.maven.runtime_3.9.1200.20260112-2306\jars\maven-resolver-api-1.9.25.jar
2026-03-13 10:03:42,537 [Worker-42: Launching Executing install in C__Users_user_Documents_Juan PC guillermo SpringAngularAWS_WORKSPACES_workspaceGQL_RecetasGraphql] INFO  o.eclipse.m2e.core.internal.Bundles - 	Entry: C:\Users\user\.p2\pool\plugins\org.eclipse.m2e.maven.runtime_3.9.1200.20260112-2306\jars\maven-resolver-connector-basic-1.9.25.jar
2026-03-13 10:03:42,537 [Worker-42: Launching Executing install in C__Users_user_Documents_Juan PC guillermo SpringAngularAWS_WORKSPACES_workspaceGQL_RecetasGraphql] INFO  o.eclipse.m2e.core.internal.Bundles - 	Entry: C:\Users\user\.p2\pool\plugins\org.eclipse.m2e.maven.runtime_3.9.1200.20260112-2306\jars\maven-resolver-impl-1.9.25.jar
2026-03-13 10:03:42,537 [Worker-42: Launching Executing install in C__Users_user_Documents_Juan PC guillermo SpringAngularAWS_WORKSPACES_workspaceGQL_RecetasGraphql] INFO  o.eclipse.m2e.core.internal.Bundles - 	Entry: C:\Users\user\.p2\pool\plugins\org.eclipse.m2e.maven.runtime_3.9.1200.20260112-2306\jars\maven-resolver-named-locks-1.9.25.jar
2026-03-13 10:03:42,537 [Worker-42: Launching Executing install in C__Users_user_Documents_Juan PC guillermo SpringAngularAWS_WORKSPACES_workspaceGQL_RecetasGraphql] INFO  o.eclipse.m2e.core.internal.Bundles - 	Entry: C:\Users\user\.p2\pool\plugins\org.eclipse.m2e.maven.runtime_3.9.1200.20260112-2306\jars\maven-resolver-provider-3.9.12.jar
2026-03-13 10:03:42,537 [Worker-42: Launching Executing install in C__Users_user_Documents_Juan PC guillermo SpringAngularAWS_WORKSPACES_workspaceGQL_RecetasGraphql] INFO  o.eclipse.m2e.core.internal.Bundles - 	Entry: C:\Users\user\.p2\pool\plugins\org.eclipse.m2e.maven.runtime_3.9.1200.20260112-2306\jars\maven-resolver-spi-1.9.25.jar
2026-03-13 10:03:42,537 [Worker-42: Launching Executing install in C__Users_user_Documents_Juan PC guillermo SpringAngularAWS_WORKSPACES_workspaceGQL_RecetasGraphql] INFO  o.eclipse.m2e.core.internal.Bundles - 	Entry: C:\Users\user\.p2\pool\plugins\org.eclipse.m2e.maven.runtime_3.9.1200.20260112-2306\jars\maven-resolver-transport-file-1.9.25.jar
2026-03-13 10:03:42,537 [Worker-42: Launching Executing install in C__Users_user_Documents_Juan PC guillermo SpringAngularAWS_WORKSPACES_workspaceGQL_RecetasGraphql] INFO  o.eclipse.m2e.core.internal.Bundles - 	Entry: C:\Users\user\.p2\pool\plugins\org.eclipse.m2e.maven.runtime_3.9.1200.20260112-2306\jars\maven-resolver-transport-http-1.9.25.jar
2026-03-13 10:03:42,538 [Worker-42: Launching Executing install in C__Users_user_Documents_Juan PC guillermo SpringAngularAWS_WORKSPACES_workspaceGQL_RecetasGraphql] INFO  o.eclipse.m2e.core.internal.Bundles - 	Entry: C:\Users\user\.p2\pool\plugins\org.eclipse.m2e.maven.runtime_3.9.1200.20260112-2306\jars\maven-resolver-transport-wagon-1.9.25.jar
2026-03-13 10:03:42,538 [Worker-42: Launching Executing install in C__Users_user_Documents_Juan PC guillermo SpringAngularAWS_WORKSPACES_workspaceGQL_RecetasGraphql] INFO  o.eclipse.m2e.core.internal.Bundles - 	Entry: C:\Users\user\.p2\pool\plugins\org.eclipse.m2e.maven.runtime_3.9.1200.20260112-2306\jars\maven-resolver-util-1.9.25.jar
2026-03-13 10:03:42,538 [Worker-42: Launching Executing install in C__Users_user_Documents_Juan PC guillermo SpringAngularAWS_WORKSPACES_workspaceGQL_RecetasGraphql] INFO  o.eclipse.m2e.core.internal.Bundles - 	Entry: C:\Users\user\.p2\pool\plugins\org.eclipse.m2e.maven.runtime_3.9.1200.20260112-2306\jars\maven-settings-3.9.12.jar
2026-03-13 10:03:42,538 [Worker-42: Launching Executing install in C__Users_user_Documents_Juan PC guillermo SpringAngularAWS_WORKSPACES_workspaceGQL_RecetasGraphql] INFO  o.eclipse.m2e.core.internal.Bundles - 	Entry: C:\Users\user\.p2\pool\plugins\org.eclipse.m2e.maven.runtime_3.9.1200.20260112-2306\jars\maven-settings-builder-3.9.12.jar
2026-03-13 10:03:42,538 [Worker-42: Launching Executing install in C__Users_user_Documents_Juan PC guillermo SpringAngularAWS_WORKSPACES_workspaceGQL_RecetasGraphql] INFO  o.eclipse.m2e.core.internal.Bundles - 	Entry: C:\Users\user\.p2\pool\plugins\org.eclipse.m2e.maven.runtime_3.9.1200.20260112-2306\jars\maven-shared-utils-3.4.2.jar
2026-03-13 10:03:42,538 [Worker-42: Launching Executing install in C__Users_user_Documents_Juan PC guillermo SpringAngularAWS_WORKSPACES_workspaceGQL_RecetasGraphql] INFO  o.eclipse.m2e.core.internal.Bundles - 	Entry: C:\Users\user\.p2\pool\plugins\org.eclipse.m2e.maven.runtime_3.9.1200.20260112-2306\jars\org.eclipse.sisu.inject-0.9.0.M4.jar
2026-03-13 10:03:42,538 [Worker-42: Launching Executing install in C__Users_user_Documents_Juan PC guillermo SpringAngularAWS_WORKSPACES_workspaceGQL_RecetasGraphql] INFO  o.eclipse.m2e.core.internal.Bundles - 	Entry: C:\Users\user\.p2\pool\plugins\org.eclipse.m2e.maven.runtime_3.9.1200.20260112-2306\jars\org.eclipse.sisu.plexus-0.9.0.M4.jar
2026-03-13 10:03:42,538 [Worker-42: Launching Executing install in C__Users_user_Documents_Juan PC guillermo SpringAngularAWS_WORKSPACES_workspaceGQL_RecetasGraphql] INFO  o.eclipse.m2e.core.internal.Bundles - 	Entry: C:\Users\user\.p2\pool\plugins\org.eclipse.m2e.maven.runtime_3.9.1200.20260112-2306\jars\plexus-build-api-0.0.7.jar
2026-03-13 10:03:42,539 [Worker-42: Launching Executing install in C__Users_user_Documents_Juan PC guillermo SpringAngularAWS_WORKSPACES_workspaceGQL_RecetasGraphql] INFO  o.eclipse.m2e.core.internal.Bundles - 	Entry: C:\Users\user\.p2\pool\plugins\org.eclipse.m2e.maven.runtime_3.9.1200.20260112-2306\jars\plexus-build-api-1.2.0.jar
2026-03-13 10:03:42,539 [Worker-42: Launching Executing install in C__Users_user_Documents_Juan PC guillermo SpringAngularAWS_WORKSPACES_workspaceGQL_RecetasGraphql] INFO  o.eclipse.m2e.core.internal.Bundles - 	Entry: C:\Users\user\.p2\pool\plugins\org.eclipse.m2e.maven.runtime_3.9.1200.20260112-2306\jars\plexus-cipher-2.0.jar
2026-03-13 10:03:42,539 [Worker-42: Launching Executing install in C__Users_user_Documents_Juan PC guillermo SpringAngularAWS_WORKSPACES_workspaceGQL_RecetasGraphql] INFO  o.eclipse.m2e.core.internal.Bundles - 	Entry: C:\Users\user\.p2\pool\plugins\org.eclipse.m2e.maven.runtime_3.9.1200.20260112-2306\jars\plexus-classworlds-2.9.0.jar
2026-03-13 10:03:42,539 [Worker-42: Launching Executing install in C__Users_user_Documents_Juan PC guillermo SpringAngularAWS_WORKSPACES_workspaceGQL_RecetasGraphql] INFO  o.eclipse.m2e.core.internal.Bundles - 	Entry: C:\Users\user\.p2\pool\plugins\org.eclipse.m2e.maven.runtime_3.9.1200.20260112-2306\jars\plexus-component-annotations-2.2.0.jar
2026-03-13 10:03:42,539 [Worker-42: Launching Executing install in C__Users_user_Documents_Juan PC guillermo SpringAngularAWS_WORKSPACES_workspaceGQL_RecetasGraphql] INFO  o.eclipse.m2e.core.internal.Bundles - 	Entry: C:\Users\user\.p2\pool\plugins\org.eclipse.m2e.maven.runtime_3.9.1200.20260112-2306\jars\plexus-interpolation-1.29.jar
2026-03-13 10:03:42,539 [Worker-42: Launching Executing install in C__Users_user_Documents_Juan PC guillermo SpringAngularAWS_WORKSPACES_workspaceGQL_RecetasGraphql] INFO  o.eclipse.m2e.core.internal.Bundles - 	Entry: C:\Users\user\.p2\pool\plugins\org.eclipse.m2e.maven.runtime_3.9.1200.20260112-2306\jars\plexus-sec-dispatcher-2.0.jar
2026-03-13 10:03:42,539 [Worker-42: Launching Executing install in C__Users_user_Documents_Juan PC guillermo SpringAngularAWS_WORKSPACES_workspaceGQL_RecetasGraphql] INFO  o.eclipse.m2e.core.internal.Bundles - 	Entry: C:\Users\user\.p2\pool\plugins\org.eclipse.m2e.maven.runtime_3.9.1200.20260112-2306\jars\plexus-utils-3.6.0.jar
2026-03-13 10:03:42,539 [Worker-42: Launching Executing install in C__Users_user_Documents_Juan PC guillermo SpringAngularAWS_WORKSPACES_workspaceGQL_RecetasGraphql] INFO  o.eclipse.m2e.core.internal.Bundles - 	Entry: C:\Users\user\.p2\pool\plugins\org.eclipse.m2e.maven.runtime_3.9.1200.20260112-2306\jars\wagon-file-3.5.3.jar
2026-03-13 10:03:42,540 [Worker-42: Launching Executing install in C__Users_user_Documents_Juan PC guillermo SpringAngularAWS_WORKSPACES_workspaceGQL_RecetasGraphql] INFO  o.eclipse.m2e.core.internal.Bundles - 	Entry: C:\Users\user\.p2\pool\plugins\org.eclipse.m2e.maven.runtime_3.9.1200.20260112-2306\jars\wagon-http-3.5.3.jar
2026-03-13 10:03:42,540 [Worker-42: Launching Executing install in C__Users_user_Documents_Juan PC guillermo SpringAngularAWS_WORKSPACES_workspaceGQL_RecetasGraphql] INFO  o.eclipse.m2e.core.internal.Bundles - 	Entry: C:\Users\user\.p2\pool\plugins\org.eclipse.m2e.maven.runtime_3.9.1200.20260112-2306\jars\wagon-http-shared-3.5.3.jar
2026-03-13 10:03:42,540 [Worker-42: Launching Executing install in C__Users_user_Documents_Juan PC guillermo SpringAngularAWS_WORKSPACES_workspaceGQL_RecetasGraphql] INFO  o.eclipse.m2e.core.internal.Bundles - 	Entry: C:\Users\user\.p2\pool\plugins\org.eclipse.m2e.maven.runtime_3.9.1200.20260112-2306\jars\wagon-provider-api-3.5.3.jar
2026-03-13 10:03:42,540 [Worker-42: Launching Executing install in C__Users_user_Documents_Juan PC guillermo SpringAngularAWS_WORKSPACES_workspaceGQL_RecetasGraphql] INFO  o.eclipse.m2e.core.internal.Bundles - getClasspathEntries(Bundle=com.google.guava_33.5.0.jre [617])
2026-03-13 10:03:42,540 [Worker-42: Launching Executing install in C__Users_user_Documents_Juan PC guillermo SpringAngularAWS_WORKSPACES_workspaceGQL_RecetasGraphql] INFO  o.eclipse.m2e.core.internal.Bundles - 	Entry: C:\Users\user\.p2\pool\plugins\com.google.guava_33.5.0.jre.jar
2026-03-13 10:03:42,541 [Worker-42: Launching Executing install in C__Users_user_Documents_Juan PC guillermo SpringAngularAWS_WORKSPACES_workspaceGQL_RecetasGraphql] INFO  o.eclipse.m2e.core.internal.Bundles - getClasspathEntries(Bundle=slf4j.api_2.0.17 [609])
2026-03-13 10:03:42,541 [Worker-42: Launching Executing install in C__Users_user_Documents_Juan PC guillermo SpringAngularAWS_WORKSPACES_workspaceGQL_RecetasGraphql] INFO  o.eclipse.m2e.core.internal.Bundles - 	Entry: C:\Users\user\.p2\pool\plugins\slf4j.api_2.0.17.jar
2026-03-13 10:03:42,541 [Worker-42: Launching Executing install in C__Users_user_Documents_Juan PC guillermo SpringAngularAWS_WORKSPACES_workspaceGQL_RecetasGraphql] INFO  o.eclipse.m2e.core.internal.Bundles - getClasspathEntries(Bundle=jakarta.inject.jakarta.inject-api_1.0.5 [22])
2026-03-13 10:03:42,541 [Worker-42: Launching Executing install in C__Users_user_Documents_Juan PC guillermo SpringAngularAWS_WORKSPACES_workspaceGQL_RecetasGraphql] INFO  o.eclipse.m2e.core.internal.Bundles - 	Entry: C:\Users\user\.p2\pool\plugins\jakarta.inject.jakarta.inject-api_1.0.5.jar
2026-03-13 10:03:42,541 [Worker-42: Launching Executing install in C__Users_user_Documents_Juan PC guillermo SpringAngularAWS_WORKSPACES_workspaceGQL_RecetasGraphql] INFO  o.eclipse.m2e.core.internal.Bundles - getClasspathEntries(Bundle=javax.annotation_1.3.5.v20200909-1856 [552])
2026-03-13 10:03:42,541 [Worker-42: Launching Executing install in C__Users_user_Documents_Juan PC guillermo SpringAngularAWS_WORKSPACES_workspaceGQL_RecetasGraphql] INFO  o.eclipse.m2e.core.internal.Bundles - 	Entry: C:\Users\user\.p2\pool\plugins\javax.annotation_1.3.5.v20200909-1856.jar
2026-03-13 10:03:42,541 [Worker-42: Launching Executing install in C__Users_user_Documents_Juan PC guillermo SpringAngularAWS_WORKSPACES_workspaceGQL_RecetasGraphql] INFO  o.eclipse.m2e.core.internal.Bundles - getClasspathEntries(Bundle=org.apache.commons.cli_1.11.0 [725])
2026-03-13 10:03:42,542 [Worker-42: Launching Executing install in C__Users_user_Documents_Juan PC guillermo SpringAngularAWS_WORKSPACES_workspaceGQL_RecetasGraphql] INFO  o.eclipse.m2e.core.internal.Bundles - 	Entry: C:\Users\user\.p2\pool\plugins\org.apache.commons.cli_1.11.0.jar
2026-03-13 10:03:42,542 [Worker-42: Launching Executing install in C__Users_user_Documents_Juan PC guillermo SpringAngularAWS_WORKSPACES_workspaceGQL_RecetasGraphql] INFO  o.eclipse.m2e.core.internal.Bundles - getClasspathEntries(Bundle=org.apache.commons.commons-codec_1.21.0 [726])
2026-03-13 10:03:42,542 [Worker-42: Launching Executing install in C__Users_user_Documents_Juan PC guillermo SpringAngularAWS_WORKSPACES_workspaceGQL_RecetasGraphql] INFO  o.eclipse.m2e.core.internal.Bundles - 	Entry: C:\Users\user\.p2\pool\plugins\org.apache.commons.commons-codec_1.21.0.jar
2026-03-13 10:03:42,542 [Worker-42: Launching Executing install in C__Users_user_Documents_Juan PC guillermo SpringAngularAWS_WORKSPACES_workspaceGQL_RecetasGraphql] INFO  o.eclipse.m2e.core.internal.Bundles - getClasspathEntries(Bundle=com.google.guava.failureaccess_1.0.3 [618])
2026-03-13 10:03:42,543 [Worker-42: Launching Executing install in C__Users_user_Documents_Juan PC guillermo SpringAngularAWS_WORKSPACES_workspaceGQL_RecetasGraphql] INFO  o.eclipse.m2e.core.internal.Bundles - 	Entry: C:\Users\user\.p2\pool\plugins\com.google.guava.failureaccess_1.0.3.jar
2026-03-13 10:03:42,544 [Worker-42: Launching Executing install in C__Users_user_Documents_Juan PC guillermo SpringAngularAWS_WORKSPACES_workspaceGQL_RecetasGraphql] INFO  o.e.m.i.launch.MavenLaunchDelegate - Run build in "C:\Users\user\Documents\Juan PC guillermo SpringAngularAWS\WORKSPACES\workspaceGQL\RecetasGraphql":
2026-03-13 10:03:42,544 [Worker-42: Launching Executing install in C__Users_user_Documents_Juan PC guillermo SpringAngularAWS_WORKSPACES_workspaceGQL_RecetasGraphql] INFO  o.e.m.i.launch.MavenLaunchDelegate -  mvn  -B -Dstyle.color=always install
2026-03-13 10:16:33,771 [Worker-55: Building] INFO  o.a.m.s.f.DefaultMavenResourcesFiltering - Copying 0 resource from src\main\resources to target\classes
2026-03-13 10:16:33,774 [Worker-55: Building] INFO  o.a.m.s.f.DefaultMavenResourcesFiltering - Copying 1 resource from src\main\resources to target\classes
2026-03-13 10:16:33,778 [Worker-55: Building] INFO  o.a.m.s.f.DefaultMavenResourcesFiltering - skip non existing resourceDirectory C:\Users\user\Documents\Juan PC guillermo SpringAngularAWS\WORKSPACES\workspaceGQL\RecetasGraphql\src\test\resources
2026-03-13 10:16:33,778 [Worker-55: Building] WARN  o.apache.maven.project.MavenProject - Plugin is modifying compileSourceRoots through clear(), which will not work in Maven 4.0.0. Use MavenProject.addCompileSourceRoot()/removeCompileSourceRoot() methods instead. If using a plugin, please upgrade to the latest version or report the issue to the plugin maintainer. To disable these warnings, set -Dmaven.project.sourceRoots.warningsDisabled=true on the command line, in the .mvn/maven.config file, or in project POM properties.
2026-03-13 10:16:33,779 [Worker-55: Building] WARN  o.apache.maven.project.MavenProject - Plugin is modifying compileSourceRoots through add(), which will not work in Maven 4.0.0. Use MavenProject.addCompileSourceRoot()/removeCompileSourceRoot() methods instead. If using a plugin, please upgrade to the latest version or report the issue to the plugin maintainer. To disable these warnings, set -Dmaven.project.sourceRoots.warningsDisabled=true on the command line, in the .mvn/maven.config file, or in project POM properties.
2026-03-13 10:16:33,780 [Worker-55: Building] WARN  o.apache.maven.project.MavenProject - Plugin is modifying testCompileSourceRoots through clear(), which will not work in Maven 4.0.0. Use MavenProject.addTestCompileSourceRoot()/removeTestCompileSourceRoot() methods instead. If using a plugin, please upgrade to the latest version or report the issue to the plugin maintainer. To disable these warnings, set -Dmaven.project.sourceRoots.warningsDisabled=true on the command line, in the .mvn/maven.config file, or in project POM properties.
2026-03-13 10:16:33,781 [Worker-55: Building] WARN  o.apache.maven.project.MavenProject - Plugin is modifying testCompileSourceRoots through add(), which will not work in Maven 4.0.0. Use MavenProject.addTestCompileSourceRoot()/removeTestCompileSourceRoot() methods instead. If using a plugin, please upgrade to the latest version or report the issue to the plugin maintainer. To disable these warnings, set -Dmaven.project.sourceRoots.warningsDisabled=true on the command line, in the .mvn/maven.config file, or in project POM properties.
2026-03-13 10:16:38,152 [Worker-55: Launching Executing clean in C__Users_user_Documents_Juan PC guillermo SpringAngularAWS_WORKSPACES_workspaceGQL_RecetasGraphql] INFO  o.eclipse.m2e.core.internal.Bundles - getClasspathEntries(Bundle=org.eclipse.m2e.maven.runtime_3.9.1200.20260112-2306 [945])
2026-03-13 10:16:38,153 [Worker-55: Launching Executing clean in C__Users_user_Documents_Juan PC guillermo SpringAngularAWS_WORKSPACES_workspaceGQL_RecetasGraphql] INFO  o.eclipse.m2e.core.internal.Bundles - 	Entry: C:\Users\user\.p2\pool\plugins\org.eclipse.m2e.maven.runtime_3.9.1200.20260112-2306
2026-03-13 10:16:38,153 [Worker-55: Launching Executing clean in C__Users_user_Documents_Juan PC guillermo SpringAngularAWS_WORKSPACES_workspaceGQL_RecetasGraphql] INFO  o.eclipse.m2e.core.internal.Bundles - 	Entry: C:\Users\user\.p2\pool\plugins\org.eclipse.m2e.maven.runtime_3.9.1200.20260112-2306\jars\aopalliance-1.0.jar
2026-03-13 10:16:38,153 [Worker-55: Launching Executing clean in C__Users_user_Documents_Juan PC guillermo SpringAngularAWS_WORKSPACES_workspaceGQL_RecetasGraphql] INFO  o.eclipse.m2e.core.internal.Bundles - 	Entry: C:\Users\user\.p2\pool\plugins\org.eclipse.m2e.maven.runtime_3.9.1200.20260112-2306\jars\asm-9.9.jar
2026-03-13 10:16:38,153 [Worker-55: Launching Executing clean in C__Users_user_Documents_Juan PC guillermo SpringAngularAWS_WORKSPACES_workspaceGQL_RecetasGraphql] INFO  o.eclipse.m2e.core.internal.Bundles - 	Entry: C:\Users\user\.p2\pool\plugins\org.eclipse.m2e.maven.runtime_3.9.1200.20260112-2306\jars\error_prone_annotations-2.41.0.jar
2026-03-13 10:16:38,153 [Worker-55: Launching Executing clean in C__Users_user_Documents_Juan PC guillermo SpringAngularAWS_WORKSPACES_workspaceGQL_RecetasGraphql] INFO  o.eclipse.m2e.core.internal.Bundles - 	Entry: C:\Users\user\.p2\pool\plugins\org.eclipse.m2e.maven.runtime_3.9.1200.20260112-2306\jars\gson-2.13.2.jar
2026-03-13 10:16:38,153 [Worker-55: Launching Executing clean in C__Users_user_Documents_Juan PC guillermo SpringAngularAWS_WORKSPACES_workspaceGQL_RecetasGraphql] INFO  o.eclipse.m2e.core.internal.Bundles - 	Entry: C:\Users\user\.p2\pool\plugins\org.eclipse.m2e.maven.runtime_3.9.1200.20260112-2306\jars\guice-5.1.0-classes.jar
2026-03-13 10:16:38,153 [Worker-55: Launching Executing clean in C__Users_user_Documents_Juan PC guillermo SpringAngularAWS_WORKSPACES_workspaceGQL_RecetasGraphql] INFO  o.eclipse.m2e.core.internal.Bundles - 	Entry: C:\Users\user\.p2\pool\plugins\org.eclipse.m2e.maven.runtime_3.9.1200.20260112-2306\jars\httpclient-4.5.14.jar
2026-03-13 10:16:38,153 [Worker-55: Launching Executing clean in C__Users_user_Documents_Juan PC guillermo SpringAngularAWS_WORKSPACES_workspaceGQL_RecetasGraphql] INFO  o.eclipse.m2e.core.internal.Bundles - 	Entry: C:\Users\user\.p2\pool\plugins\org.eclipse.m2e.maven.runtime_3.9.1200.20260112-2306\jars\httpcore-4.4.16.jar
2026-03-13 10:16:38,154 [Worker-55: Launching Executing clean in C__Users_user_Documents_Juan PC guillermo SpringAngularAWS_WORKSPACES_workspaceGQL_RecetasGraphql] INFO  o.eclipse.m2e.core.internal.Bundles - 	Entry: C:\Users\user\.p2\pool\plugins\org.eclipse.m2e.maven.runtime_3.9.1200.20260112-2306\jars\jansi-2.4.2.jar
2026-03-13 10:16:38,154 [Worker-55: Launching Executing clean in C__Users_user_Documents_Juan PC guillermo SpringAngularAWS_WORKSPACES_workspaceGQL_RecetasGraphql] INFO  o.eclipse.m2e.core.internal.Bundles - 	Entry: C:\Users\user\.p2\pool\plugins\org.eclipse.m2e.maven.runtime_3.9.1200.20260112-2306\jars\jcl-over-slf4j-1.7.36.jar
2026-03-13 10:16:38,154 [Worker-55: Launching Executing clean in C__Users_user_Documents_Juan PC guillermo SpringAngularAWS_WORKSPACES_workspaceGQL_RecetasGraphql] INFO  o.eclipse.m2e.core.internal.Bundles - 	Entry: C:\Users\user\.p2\pool\plugins\org.eclipse.m2e.maven.runtime_3.9.1200.20260112-2306\jars\maven-artifact-3.9.12.jar
2026-03-13 10:16:38,154 [Worker-55: Launching Executing clean in C__Users_user_Documents_Juan PC guillermo SpringAngularAWS_WORKSPACES_workspaceGQL_RecetasGraphql] INFO  o.eclipse.m2e.core.internal.Bundles - 	Entry: C:\Users\user\.p2\pool\plugins\org.eclipse.m2e.maven.runtime_3.9.1200.20260112-2306\jars\maven-builder-support-3.9.12.jar
2026-03-13 10:16:38,154 [Worker-55: Launching Executing clean in C__Users_user_Documents_Juan PC guillermo SpringAngularAWS_WORKSPACES_workspaceGQL_RecetasGraphql] INFO  o.eclipse.m2e.core.internal.Bundles - 	Entry: C:\Users\user\.p2\pool\plugins\org.eclipse.m2e.maven.runtime_3.9.1200.20260112-2306\jars\maven-compat-3.9.12.jar
2026-03-13 10:16:38,171 [Worker-55: Launching Executing clean in C__Users_user_Documents_Juan PC guillermo SpringAngularAWS_WORKSPACES_workspaceGQL_RecetasGraphql] INFO  o.eclipse.m2e.core.internal.Bundles - 	Entry: C:\Users\user\.p2\pool\plugins\org.eclipse.m2e.maven.runtime_3.9.1200.20260112-2306\jars\maven-core-3.9.12.jar
2026-03-13 10:16:38,172 [Worker-55: Launching Executing clean in C__Users_user_Documents_Juan PC guillermo SpringAngularAWS_WORKSPACES_workspaceGQL_RecetasGraphql] INFO  o.eclipse.m2e.core.internal.Bundles - 	Entry: C:\Users\user\.p2\pool\plugins\org.eclipse.m2e.maven.runtime_3.9.1200.20260112-2306\jars\maven-embedder-3.9.12.jar
2026-03-13 10:16:38,172 [Worker-55: Launching Executing clean in C__Users_user_Documents_Juan PC guillermo SpringAngularAWS_WORKSPACES_workspaceGQL_RecetasGraphql] INFO  o.eclipse.m2e.core.internal.Bundles - 	Entry: C:\Users\user\.p2\pool\plugins\org.eclipse.m2e.maven.runtime_3.9.1200.20260112-2306\jars\maven-model-3.9.12.jar
2026-03-13 10:16:38,172 [Worker-55: Launching Executing clean in C__Users_user_Documents_Juan PC guillermo SpringAngularAWS_WORKSPACES_workspaceGQL_RecetasGraphql] INFO  o.eclipse.m2e.core.internal.Bundles - 	Entry: C:\Users\user\.p2\pool\plugins\org.eclipse.m2e.maven.runtime_3.9.1200.20260112-2306\jars\maven-model-builder-3.9.12.jar
2026-03-13 10:16:38,172 [Worker-55: Launching Executing clean in C__Users_user_Documents_Juan PC guillermo SpringAngularAWS_WORKSPACES_workspaceGQL_RecetasGraphql] INFO  o.eclipse.m2e.core.internal.Bundles - 	Entry: C:\Users\user\.p2\pool\plugins\org.eclipse.m2e.maven.runtime_3.9.1200.20260112-2306\jars\maven-plugin-api-3.9.12.jar
2026-03-13 10:16:38,172 [Worker-55: Launching Executing clean in C__Users_user_Documents_Juan PC guillermo SpringAngularAWS_WORKSPACES_workspaceGQL_RecetasGraphql] INFO  o.eclipse.m2e.core.internal.Bundles - 	Entry: C:\Users\user\.p2\pool\plugins\org.eclipse.m2e.maven.runtime_3.9.1200.20260112-2306\jars\maven-repository-metadata-3.9.12.jar
2026-03-13 10:16:38,172 [Worker-55: Launching Executing clean in C__Users_user_Documents_Juan PC guillermo SpringAngularAWS_WORKSPACES_workspaceGQL_RecetasGraphql] INFO  o.eclipse.m2e.core.internal.Bundles - 	Entry: C:\Users\user\.p2\pool\plugins\org.eclipse.m2e.maven.runtime_3.9.1200.20260112-2306\jars\maven-resolver-api-1.9.25.jar
2026-03-13 10:16:38,172 [Worker-55: Launching Executing clean in C__Users_user_Documents_Juan PC guillermo SpringAngularAWS_WORKSPACES_workspaceGQL_RecetasGraphql] INFO  o.eclipse.m2e.core.internal.Bundles - 	Entry: C:\Users\user\.p2\pool\plugins\org.eclipse.m2e.maven.runtime_3.9.1200.20260112-2306\jars\maven-resolver-connector-basic-1.9.25.jar
2026-03-13 10:16:38,172 [Worker-55: Launching Executing clean in C__Users_user_Documents_Juan PC guillermo SpringAngularAWS_WORKSPACES_workspaceGQL_RecetasGraphql] INFO  o.eclipse.m2e.core.internal.Bundles - 	Entry: C:\Users\user\.p2\pool\plugins\org.eclipse.m2e.maven.runtime_3.9.1200.20260112-2306\jars\maven-resolver-impl-1.9.25.jar
2026-03-13 10:16:38,172 [Worker-55: Launching Executing clean in C__Users_user_Documents_Juan PC guillermo SpringAngularAWS_WORKSPACES_workspaceGQL_RecetasGraphql] INFO  o.eclipse.m2e.core.internal.Bundles - 	Entry: C:\Users\user\.p2\pool\plugins\org.eclipse.m2e.maven.runtime_3.9.1200.20260112-2306\jars\maven-resolver-named-locks-1.9.25.jar
2026-03-13 10:16:38,173 [Worker-55: Launching Executing clean in C__Users_user_Documents_Juan PC guillermo SpringAngularAWS_WORKSPACES_workspaceGQL_RecetasGraphql] INFO  o.eclipse.m2e.core.internal.Bundles - 	Entry: C:\Users\user\.p2\pool\plugins\org.eclipse.m2e.maven.runtime_3.9.1200.20260112-2306\jars\maven-resolver-provider-3.9.12.jar
2026-03-13 10:16:38,173 [Worker-55: Launching Executing clean in C__Users_user_Documents_Juan PC guillermo SpringAngularAWS_WORKSPACES_workspaceGQL_RecetasGraphql] INFO  o.eclipse.m2e.core.internal.Bundles - 	Entry: C:\Users\user\.p2\pool\plugins\org.eclipse.m2e.maven.runtime_3.9.1200.20260112-2306\jars\maven-resolver-spi-1.9.25.jar
2026-03-13 10:16:38,173 [Worker-55: Launching Executing clean in C__Users_user_Documents_Juan PC guillermo SpringAngularAWS_WORKSPACES_workspaceGQL_RecetasGraphql] INFO  o.eclipse.m2e.core.internal.Bundles - 	Entry: C:\Users\user\.p2\pool\plugins\org.eclipse.m2e.maven.runtime_3.9.1200.20260112-2306\jars\maven-resolver-transport-file-1.9.25.jar
2026-03-13 10:16:38,173 [Worker-55: Launching Executing clean in C__Users_user_Documents_Juan PC guillermo SpringAngularAWS_WORKSPACES_workspaceGQL_RecetasGraphql] INFO  o.eclipse.m2e.core.internal.Bundles - 	Entry: C:\Users\user\.p2\pool\plugins\org.eclipse.m2e.maven.runtime_3.9.1200.20260112-2306\jars\maven-resolver-transport-http-1.9.25.jar
2026-03-13 10:16:38,173 [Worker-55: Launching Executing clean in C__Users_user_Documents_Juan PC guillermo SpringAngularAWS_WORKSPACES_workspaceGQL_RecetasGraphql] INFO  o.eclipse.m2e.core.internal.Bundles - 	Entry: C:\Users\user\.p2\pool\plugins\org.eclipse.m2e.maven.runtime_3.9.1200.20260112-2306\jars\maven-resolver-transport-wagon-1.9.25.jar
2026-03-13 10:16:38,173 [Worker-55: Launching Executing clean in C__Users_user_Documents_Juan PC guillermo SpringAngularAWS_WORKSPACES_workspaceGQL_RecetasGraphql] INFO  o.eclipse.m2e.core.internal.Bundles - 	Entry: C:\Users\user\.p2\pool\plugins\org.eclipse.m2e.maven.runtime_3.9.1200.20260112-2306\jars\maven-resolver-util-1.9.25.jar
2026-03-13 10:16:38,173 [Worker-55: Launching Executing clean in C__Users_user_Documents_Juan PC guillermo SpringAngularAWS_WORKSPACES_workspaceGQL_RecetasGraphql] INFO  o.eclipse.m2e.core.internal.Bundles - 	Entry: C:\Users\user\.p2\pool\plugins\org.eclipse.m2e.maven.runtime_3.9.1200.20260112-2306\jars\maven-settings-3.9.12.jar
2026-03-13 10:16:38,173 [Worker-55: Launching Executing clean in C__Users_user_Documents_Juan PC guillermo SpringAngularAWS_WORKSPACES_workspaceGQL_RecetasGraphql] INFO  o.eclipse.m2e.core.internal.Bundles - 	Entry: C:\Users\user\.p2\pool\plugins\org.eclipse.m2e.maven.runtime_3.9.1200.20260112-2306\jars\maven-settings-builder-3.9.12.jar
2026-03-13 10:16:38,173 [Worker-55: Launching Executing clean in C__Users_user_Documents_Juan PC guillermo SpringAngularAWS_WORKSPACES_workspaceGQL_RecetasGraphql] INFO  o.eclipse.m2e.core.internal.Bundles - 	Entry: C:\Users\user\.p2\pool\plugins\org.eclipse.m2e.maven.runtime_3.9.1200.20260112-2306\jars\maven-shared-utils-3.4.2.jar
2026-03-13 10:16:38,174 [Worker-55: Launching Executing clean in C__Users_user_Documents_Juan PC guillermo SpringAngularAWS_WORKSPACES_workspaceGQL_RecetasGraphql] INFO  o.eclipse.m2e.core.internal.Bundles - 	Entry: C:\Users\user\.p2\pool\plugins\org.eclipse.m2e.maven.runtime_3.9.1200.20260112-2306\jars\org.eclipse.sisu.inject-0.9.0.M4.jar
2026-03-13 10:16:38,174 [Worker-55: Launching Executing clean in C__Users_user_Documents_Juan PC guillermo SpringAngularAWS_WORKSPACES_workspaceGQL_RecetasGraphql] INFO  o.eclipse.m2e.core.internal.Bundles - 	Entry: C:\Users\user\.p2\pool\plugins\org.eclipse.m2e.maven.runtime_3.9.1200.20260112-2306\jars\org.eclipse.sisu.plexus-0.9.0.M4.jar
2026-03-13 10:16:38,174 [Worker-55: Launching Executing clean in C__Users_user_Documents_Juan PC guillermo SpringAngularAWS_WORKSPACES_workspaceGQL_RecetasGraphql] INFO  o.eclipse.m2e.core.internal.Bundles - 	Entry: C:\Users\user\.p2\pool\plugins\org.eclipse.m2e.maven.runtime_3.9.1200.20260112-2306\jars\plexus-build-api-0.0.7.jar
2026-03-13 10:16:38,174 [Worker-55: Launching Executing clean in C__Users_user_Documents_Juan PC guillermo SpringAngularAWS_WORKSPACES_workspaceGQL_RecetasGraphql] INFO  o.eclipse.m2e.core.internal.Bundles - 	Entry: C:\Users\user\.p2\pool\plugins\org.eclipse.m2e.maven.runtime_3.9.1200.20260112-2306\jars\plexus-build-api-1.2.0.jar
2026-03-13 10:16:38,174 [Worker-55: Launching Executing clean in C__Users_user_Documents_Juan PC guillermo SpringAngularAWS_WORKSPACES_workspaceGQL_RecetasGraphql] INFO  o.eclipse.m2e.core.internal.Bundles - 	Entry: C:\Users\user\.p2\pool\plugins\org.eclipse.m2e.maven.runtime_3.9.1200.20260112-2306\jars\plexus-cipher-2.0.jar
2026-03-13 10:16:38,174 [Worker-55: Launching Executing clean in C__Users_user_Documents_Juan PC guillermo SpringAngularAWS_WORKSPACES_workspaceGQL_RecetasGraphql] INFO  o.eclipse.m2e.core.internal.Bundles - 	Entry: C:\Users\user\.p2\pool\plugins\org.eclipse.m2e.maven.runtime_3.9.1200.20260112-2306\jars\plexus-classworlds-2.9.0.jar
2026-03-13 10:16:38,174 [Worker-55: Launching Executing clean in C__Users_user_Documents_Juan PC guillermo SpringAngularAWS_WORKSPACES_workspaceGQL_RecetasGraphql] INFO  o.eclipse.m2e.core.internal.Bundles - 	Entry: C:\Users\user\.p2\pool\plugins\org.eclipse.m2e.maven.runtime_3.9.1200.20260112-2306\jars\plexus-component-annotations-2.2.0.jar
2026-03-13 10:16:38,174 [Worker-55: Launching Executing clean in C__Users_user_Documents_Juan PC guillermo SpringAngularAWS_WORKSPACES_workspaceGQL_RecetasGraphql] INFO  o.eclipse.m2e.core.internal.Bundles - 	Entry: C:\Users\user\.p2\pool\plugins\org.eclipse.m2e.maven.runtime_3.9.1200.20260112-2306\jars\plexus-interpolation-1.29.jar
2026-03-13 10:16:38,174 [Worker-55: Launching Executing clean in C__Users_user_Documents_Juan PC guillermo SpringAngularAWS_WORKSPACES_workspaceGQL_RecetasGraphql] INFO  o.eclipse.m2e.core.internal.Bundles - 	Entry: C:\Users\user\.p2\pool\plugins\org.eclipse.m2e.maven.runtime_3.9.1200.20260112-2306\jars\plexus-sec-dispatcher-2.0.jar
2026-03-13 10:16:38,175 [Worker-55: Launching Executing clean in C__Users_user_Documents_Juan PC guillermo SpringAngularAWS_WORKSPACES_workspaceGQL_RecetasGraphql] INFO  o.eclipse.m2e.core.internal.Bundles - 	Entry: C:\Users\user\.p2\pool\plugins\org.eclipse.m2e.maven.runtime_3.9.1200.20260112-2306\jars\plexus-utils-3.6.0.jar
2026-03-13 10:16:38,175 [Worker-55: Launching Executing clean in C__Users_user_Documents_Juan PC guillermo SpringAngularAWS_WORKSPACES_workspaceGQL_RecetasGraphql] INFO  o.eclipse.m2e.core.internal.Bundles - 	Entry: C:\Users\user\.p2\pool\plugins\org.eclipse.m2e.maven.runtime_3.9.1200.20260112-2306\jars\wagon-file-3.5.3.jar
2026-03-13 10:16:38,175 [Worker-55: Launching Executing clean in C__Users_user_Documents_Juan PC guillermo SpringAngularAWS_WORKSPACES_workspaceGQL_RecetasGraphql] INFO  o.eclipse.m2e.core.internal.Bundles - 	Entry: C:\Users\user\.p2\pool\plugins\org.eclipse.m2e.maven.runtime_3.9.1200.20260112-2306\jars\wagon-http-3.5.3.jar
2026-03-13 10:16:38,175 [Worker-55: Launching Executing clean in C__Users_user_Documents_Juan PC guillermo SpringAngularAWS_WORKSPACES_workspaceGQL_RecetasGraphql] INFO  o.eclipse.m2e.core.internal.Bundles - 	Entry: C:\Users\user\.p2\pool\plugins\org.eclipse.m2e.maven.runtime_3.9.1200.20260112-2306\jars\wagon-http-shared-3.5.3.jar
2026-03-13 10:16:38,175 [Worker-55: Launching Executing clean in C__Users_user_Documents_Juan PC guillermo SpringAngularAWS_WORKSPACES_workspaceGQL_RecetasGraphql] INFO  o.eclipse.m2e.core.internal.Bundles - 	Entry: C:\Users\user\.p2\pool\plugins\org.eclipse.m2e.maven.runtime_3.9.1200.20260112-2306\jars\wagon-provider-api-3.5.3.jar
2026-03-13 10:16:38,175 [Worker-55: Launching Executing clean in C__Users_user_Documents_Juan PC guillermo SpringAngularAWS_WORKSPACES_workspaceGQL_RecetasGraphql] INFO  o.eclipse.m2e.core.internal.Bundles - getClasspathEntries(Bundle=com.google.guava_33.5.0.jre [617])
2026-03-13 10:16:38,176 [Worker-55: Launching Executing clean in C__Users_user_Documents_Juan PC guillermo SpringAngularAWS_WORKSPACES_workspaceGQL_RecetasGraphql] INFO  o.eclipse.m2e.core.internal.Bundles - 	Entry: C:\Users\user\.p2\pool\plugins\com.google.guava_33.5.0.jre.jar
2026-03-13 10:16:38,176 [Worker-55: Launching Executing clean in C__Users_user_Documents_Juan PC guillermo SpringAngularAWS_WORKSPACES_workspaceGQL_RecetasGraphql] INFO  o.eclipse.m2e.core.internal.Bundles - getClasspathEntries(Bundle=slf4j.api_2.0.17 [609])
2026-03-13 10:16:38,176 [Worker-55: Launching Executing clean in C__Users_user_Documents_Juan PC guillermo SpringAngularAWS_WORKSPACES_workspaceGQL_RecetasGraphql] INFO  o.eclipse.m2e.core.internal.Bundles - 	Entry: C:\Users\user\.p2\pool\plugins\slf4j.api_2.0.17.jar
2026-03-13 10:16:38,176 [Worker-55: Launching Executing clean in C__Users_user_Documents_Juan PC guillermo SpringAngularAWS_WORKSPACES_workspaceGQL_RecetasGraphql] INFO  o.eclipse.m2e.core.internal.Bundles - getClasspathEntries(Bundle=jakarta.inject.jakarta.inject-api_1.0.5 [22])
2026-03-13 10:16:38,177 [Worker-55: Launching Executing clean in C__Users_user_Documents_Juan PC guillermo SpringAngularAWS_WORKSPACES_workspaceGQL_RecetasGraphql] INFO  o.eclipse.m2e.core.internal.Bundles - 	Entry: C:\Users\user\.p2\pool\plugins\jakarta.inject.jakarta.inject-api_1.0.5.jar
2026-03-13 10:16:38,177 [Worker-55: Launching Executing clean in C__Users_user_Documents_Juan PC guillermo SpringAngularAWS_WORKSPACES_workspaceGQL_RecetasGraphql] INFO  o.eclipse.m2e.core.internal.Bundles - getClasspathEntries(Bundle=javax.annotation_1.3.5.v20200909-1856 [552])
2026-03-13 10:16:38,177 [Worker-55: Launching Executing clean in C__Users_user_Documents_Juan PC guillermo SpringAngularAWS_WORKSPACES_workspaceGQL_RecetasGraphql] INFO  o.eclipse.m2e.core.internal.Bundles - 	Entry: C:\Users\user\.p2\pool\plugins\javax.annotation_1.3.5.v20200909-1856.jar
2026-03-13 10:16:38,177 [Worker-55: Launching Executing clean in C__Users_user_Documents_Juan PC guillermo SpringAngularAWS_WORKSPACES_workspaceGQL_RecetasGraphql] INFO  o.eclipse.m2e.core.internal.Bundles - getClasspathEntries(Bundle=org.apache.commons.cli_1.11.0 [725])
2026-03-13 10:16:38,178 [Worker-55: Launching Executing clean in C__Users_user_Documents_Juan PC guillermo SpringAngularAWS_WORKSPACES_workspaceGQL_RecetasGraphql] INFO  o.eclipse.m2e.core.internal.Bundles - 	Entry: C:\Users\user\.p2\pool\plugins\org.apache.commons.cli_1.11.0.jar
2026-03-13 10:16:38,178 [Worker-55: Launching Executing clean in C__Users_user_Documents_Juan PC guillermo SpringAngularAWS_WORKSPACES_workspaceGQL_RecetasGraphql] INFO  o.eclipse.m2e.core.internal.Bundles - getClasspathEntries(Bundle=org.apache.commons.commons-codec_1.21.0 [726])
2026-03-13 10:16:38,178 [Worker-55: Launching Executing clean in C__Users_user_Documents_Juan PC guillermo SpringAngularAWS_WORKSPACES_workspaceGQL_RecetasGraphql] INFO  o.eclipse.m2e.core.internal.Bundles - 	Entry: C:\Users\user\.p2\pool\plugins\org.apache.commons.commons-codec_1.21.0.jar
2026-03-13 10:16:38,178 [Worker-55: Launching Executing clean in C__Users_user_Documents_Juan PC guillermo SpringAngularAWS_WORKSPACES_workspaceGQL_RecetasGraphql] INFO  o.eclipse.m2e.core.internal.Bundles - getClasspathEntries(Bundle=com.google.guava.failureaccess_1.0.3 [618])
2026-03-13 10:16:38,178 [Worker-55: Launching Executing clean in C__Users_user_Documents_Juan PC guillermo SpringAngularAWS_WORKSPACES_workspaceGQL_RecetasGraphql] INFO  o.eclipse.m2e.core.internal.Bundles - 	Entry: C:\Users\user\.p2\pool\plugins\com.google.guava.failureaccess_1.0.3.jar
2026-03-13 10:16:38,180 [Worker-55: Launching Executing clean in C__Users_user_Documents_Juan PC guillermo SpringAngularAWS_WORKSPACES_workspaceGQL_RecetasGraphql] INFO  o.e.m.i.launch.MavenLaunchDelegate - Run build in "C:\Users\user\Documents\Juan PC guillermo SpringAngularAWS\WORKSPACES\workspaceGQL\RecetasGraphql":
2026-03-13 10:16:38,180 [Worker-55: Launching Executing clean in C__Users_user_Documents_Juan PC guillermo SpringAngularAWS_WORKSPACES_workspaceGQL_RecetasGraphql] INFO  o.e.m.i.launch.MavenLaunchDelegate -  mvn  -B -Dstyle.color=always clean
2026-03-13 10:16:41,325 [Worker-57: Building] INFO  o.a.m.s.f.DefaultMavenResourcesFiltering - Copying 1 resource from src\main\resources to target\classes
2026-03-13 10:16:41,326 [Worker-57: Building] INFO  o.a.m.s.f.DefaultMavenResourcesFiltering - Copying 2 resources from src\main\resources to target\classes
2026-03-13 10:16:41,334 [Worker-57: Building] INFO  o.a.m.s.f.DefaultMavenResourcesFiltering - skip non existing resourceDirectory C:\Users\user\Documents\Juan PC guillermo SpringAngularAWS\WORKSPACES\workspaceGQL\RecetasGraphql\src\test\resources
2026-03-13 10:16:41,349 [Worker-57: Building] WARN  o.apache.maven.project.MavenProject - Plugin is modifying compileSourceRoots through clear(), which will not work in Maven 4.0.0. Use MavenProject.addCompileSourceRoot()/removeCompileSourceRoot() methods instead. If using a plugin, please upgrade to the latest version or report the issue to the plugin maintainer. To disable these warnings, set -Dmaven.project.sourceRoots.warningsDisabled=true on the command line, in the .mvn/maven.config file, or in project POM properties.
2026-03-13 10:16:41,350 [Worker-57: Building] WARN  o.apache.maven.project.MavenProject - Plugin is modifying compileSourceRoots through add(), which will not work in Maven 4.0.0. Use MavenProject.addCompileSourceRoot()/removeCompileSourceRoot() methods instead. If using a plugin, please upgrade to the latest version or report the issue to the plugin maintainer. To disable these warnings, set -Dmaven.project.sourceRoots.warningsDisabled=true on the command line, in the .mvn/maven.config file, or in project POM properties.
2026-03-13 10:16:41,350 [Worker-57: Building] WARN  o.apache.maven.project.MavenProject - Plugin is modifying testCompileSourceRoots through clear(), which will not work in Maven 4.0.0. Use MavenProject.addTestCompileSourceRoot()/removeTestCompileSourceRoot() methods instead. If using a plugin, please upgrade to the latest version or report the issue to the plugin maintainer. To disable these warnings, set -Dmaven.project.sourceRoots.warningsDisabled=true on the command line, in the .mvn/maven.config file, or in project POM properties.
2026-03-13 10:16:41,351 [Worker-57: Building] WARN  o.apache.maven.project.MavenProject - Plugin is modifying testCompileSourceRoots through add(), which will not work in Maven 4.0.0. Use MavenProject.addTestCompileSourceRoot()/removeTestCompileSourceRoot() methods instead. If using a plugin, please upgrade to the latest version or report the issue to the plugin maintainer. To disable these warnings, set -Dmaven.project.sourceRoots.warningsDisabled=true on the command line, in the .mvn/maven.config file, or in project POM properties.
2026-03-13 10:16:45,930 [Worker-53: Launching Executing install in C__Users_user_Documents_Juan PC guillermo SpringAngularAWS_WORKSPACES_workspaceGQL_RecetasGraphql] INFO  o.eclipse.m2e.core.internal.Bundles - getClasspathEntries(Bundle=org.eclipse.m2e.maven.runtime_3.9.1200.20260112-2306 [945])
2026-03-13 10:16:45,930 [Worker-53: Launching Executing install in C__Users_user_Documents_Juan PC guillermo SpringAngularAWS_WORKSPACES_workspaceGQL_RecetasGraphql] INFO  o.eclipse.m2e.core.internal.Bundles - 	Entry: C:\Users\user\.p2\pool\plugins\org.eclipse.m2e.maven.runtime_3.9.1200.20260112-2306
2026-03-13 10:16:45,930 [Worker-53: Launching Executing install in C__Users_user_Documents_Juan PC guillermo SpringAngularAWS_WORKSPACES_workspaceGQL_RecetasGraphql] INFO  o.eclipse.m2e.core.internal.Bundles - 	Entry: C:\Users\user\.p2\pool\plugins\org.eclipse.m2e.maven.runtime_3.9.1200.20260112-2306\jars\aopalliance-1.0.jar
2026-03-13 10:16:45,930 [Worker-53: Launching Executing install in C__Users_user_Documents_Juan PC guillermo SpringAngularAWS_WORKSPACES_workspaceGQL_RecetasGraphql] INFO  o.eclipse.m2e.core.internal.Bundles - 	Entry: C:\Users\user\.p2\pool\plugins\org.eclipse.m2e.maven.runtime_3.9.1200.20260112-2306\jars\asm-9.9.jar
2026-03-13 10:16:45,930 [Worker-53: Launching Executing install in C__Users_user_Documents_Juan PC guillermo SpringAngularAWS_WORKSPACES_workspaceGQL_RecetasGraphql] INFO  o.eclipse.m2e.core.internal.Bundles - 	Entry: C:\Users\user\.p2\pool\plugins\org.eclipse.m2e.maven.runtime_3.9.1200.20260112-2306\jars\error_prone_annotations-2.41.0.jar
2026-03-13 10:16:45,931 [Worker-53: Launching Executing install in C__Users_user_Documents_Juan PC guillermo SpringAngularAWS_WORKSPACES_workspaceGQL_RecetasGraphql] INFO  o.eclipse.m2e.core.internal.Bundles - 	Entry: C:\Users\user\.p2\pool\plugins\org.eclipse.m2e.maven.runtime_3.9.1200.20260112-2306\jars\gson-2.13.2.jar
2026-03-13 10:16:45,931 [Worker-53: Launching Executing install in C__Users_user_Documents_Juan PC guillermo SpringAngularAWS_WORKSPACES_workspaceGQL_RecetasGraphql] INFO  o.eclipse.m2e.core.internal.Bundles - 	Entry: C:\Users\user\.p2\pool\plugins\org.eclipse.m2e.maven.runtime_3.9.1200.20260112-2306\jars\guice-5.1.0-classes.jar
2026-03-13 10:16:45,931 [Worker-53: Launching Executing install in C__Users_user_Documents_Juan PC guillermo SpringAngularAWS_WORKSPACES_workspaceGQL_RecetasGraphql] INFO  o.eclipse.m2e.core.internal.Bundles - 	Entry: C:\Users\user\.p2\pool\plugins\org.eclipse.m2e.maven.runtime_3.9.1200.20260112-2306\jars\httpclient-4.5.14.jar
2026-03-13 10:16:45,931 [Worker-53: Launching Executing install in C__Users_user_Documents_Juan PC guillermo SpringAngularAWS_WORKSPACES_workspaceGQL_RecetasGraphql] INFO  o.eclipse.m2e.core.internal.Bundles - 	Entry: C:\Users\user\.p2\pool\plugins\org.eclipse.m2e.maven.runtime_3.9.1200.20260112-2306\jars\httpcore-4.4.16.jar
2026-03-13 10:16:45,931 [Worker-53: Launching Executing install in C__Users_user_Documents_Juan PC guillermo SpringAngularAWS_WORKSPACES_workspaceGQL_RecetasGraphql] INFO  o.eclipse.m2e.core.internal.Bundles - 	Entry: C:\Users\user\.p2\pool\plugins\org.eclipse.m2e.maven.runtime_3.9.1200.20260112-2306\jars\jansi-2.4.2.jar
2026-03-13 10:16:45,931 [Worker-53: Launching Executing install in C__Users_user_Documents_Juan PC guillermo SpringAngularAWS_WORKSPACES_workspaceGQL_RecetasGraphql] INFO  o.eclipse.m2e.core.internal.Bundles - 	Entry: C:\Users\user\.p2\pool\plugins\org.eclipse.m2e.maven.runtime_3.9.1200.20260112-2306\jars\jcl-over-slf4j-1.7.36.jar
2026-03-13 10:16:45,931 [Worker-53: Launching Executing install in C__Users_user_Documents_Juan PC guillermo SpringAngularAWS_WORKSPACES_workspaceGQL_RecetasGraphql] INFO  o.eclipse.m2e.core.internal.Bundles - 	Entry: C:\Users\user\.p2\pool\plugins\org.eclipse.m2e.maven.runtime_3.9.1200.20260112-2306\jars\maven-artifact-3.9.12.jar
2026-03-13 10:16:45,931 [Worker-53: Launching Executing install in C__Users_user_Documents_Juan PC guillermo SpringAngularAWS_WORKSPACES_workspaceGQL_RecetasGraphql] INFO  o.eclipse.m2e.core.internal.Bundles - 	Entry: C:\Users\user\.p2\pool\plugins\org.eclipse.m2e.maven.runtime_3.9.1200.20260112-2306\jars\maven-builder-support-3.9.12.jar
2026-03-13 10:16:45,931 [Worker-53: Launching Executing install in C__Users_user_Documents_Juan PC guillermo SpringAngularAWS_WORKSPACES_workspaceGQL_RecetasGraphql] INFO  o.eclipse.m2e.core.internal.Bundles - 	Entry: C:\Users\user\.p2\pool\plugins\org.eclipse.m2e.maven.runtime_3.9.1200.20260112-2306\jars\maven-compat-3.9.12.jar
2026-03-13 10:16:45,932 [Worker-53: Launching Executing install in C__Users_user_Documents_Juan PC guillermo SpringAngularAWS_WORKSPACES_workspaceGQL_RecetasGraphql] INFO  o.eclipse.m2e.core.internal.Bundles - 	Entry: C:\Users\user\.p2\pool\plugins\org.eclipse.m2e.maven.runtime_3.9.1200.20260112-2306\jars\maven-core-3.9.12.jar
2026-03-13 10:16:45,932 [Worker-53: Launching Executing install in C__Users_user_Documents_Juan PC guillermo SpringAngularAWS_WORKSPACES_workspaceGQL_RecetasGraphql] INFO  o.eclipse.m2e.core.internal.Bundles - 	Entry: C:\Users\user\.p2\pool\plugins\org.eclipse.m2e.maven.runtime_3.9.1200.20260112-2306\jars\maven-embedder-3.9.12.jar
2026-03-13 10:16:45,932 [Worker-53: Launching Executing install in C__Users_user_Documents_Juan PC guillermo SpringAngularAWS_WORKSPACES_workspaceGQL_RecetasGraphql] INFO  o.eclipse.m2e.core.internal.Bundles - 	Entry: C:\Users\user\.p2\pool\plugins\org.eclipse.m2e.maven.runtime_3.9.1200.20260112-2306\jars\maven-model-3.9.12.jar
2026-03-13 10:16:45,932 [Worker-53: Launching Executing install in C__Users_user_Documents_Juan PC guillermo SpringAngularAWS_WORKSPACES_workspaceGQL_RecetasGraphql] INFO  o.eclipse.m2e.core.internal.Bundles - 	Entry: C:\Users\user\.p2\pool\plugins\org.eclipse.m2e.maven.runtime_3.9.1200.20260112-2306\jars\maven-model-builder-3.9.12.jar
2026-03-13 10:16:45,932 [Worker-53: Launching Executing install in C__Users_user_Documents_Juan PC guillermo SpringAngularAWS_WORKSPACES_workspaceGQL_RecetasGraphql] INFO  o.eclipse.m2e.core.internal.Bundles - 	Entry: C:\Users\user\.p2\pool\plugins\org.eclipse.m2e.maven.runtime_3.9.1200.20260112-2306\jars\maven-plugin-api-3.9.12.jar
2026-03-13 10:16:45,932 [Worker-53: Launching Executing install in C__Users_user_Documents_Juan PC guillermo SpringAngularAWS_WORKSPACES_workspaceGQL_RecetasGraphql] INFO  o.eclipse.m2e.core.internal.Bundles - 	Entry: C:\Users\user\.p2\pool\plugins\org.eclipse.m2e.maven.runtime_3.9.1200.20260112-2306\jars\maven-repository-metadata-3.9.12.jar
2026-03-13 10:16:45,932 [Worker-53: Launching Executing install in C__Users_user_Documents_Juan PC guillermo SpringAngularAWS_WORKSPACES_workspaceGQL_RecetasGraphql] INFO  o.eclipse.m2e.core.internal.Bundles - 	Entry: C:\Users\user\.p2\pool\plugins\org.eclipse.m2e.maven.runtime_3.9.1200.20260112-2306\jars\maven-resolver-api-1.9.25.jar
2026-03-13 10:16:45,932 [Worker-53: Launching Executing install in C__Users_user_Documents_Juan PC guillermo SpringAngularAWS_WORKSPACES_workspaceGQL_RecetasGraphql] INFO  o.eclipse.m2e.core.internal.Bundles - 	Entry: C:\Users\user\.p2\pool\plugins\org.eclipse.m2e.maven.runtime_3.9.1200.20260112-2306\jars\maven-resolver-connector-basic-1.9.25.jar
2026-03-13 10:16:45,932 [Worker-53: Launching Executing install in C__Users_user_Documents_Juan PC guillermo SpringAngularAWS_WORKSPACES_workspaceGQL_RecetasGraphql] INFO  o.eclipse.m2e.core.internal.Bundles - 	Entry: C:\Users\user\.p2\pool\plugins\org.eclipse.m2e.maven.runtime_3.9.1200.20260112-2306\jars\maven-resolver-impl-1.9.25.jar
2026-03-13 10:16:45,933 [Worker-53: Launching Executing install in C__Users_user_Documents_Juan PC guillermo SpringAngularAWS_WORKSPACES_workspaceGQL_RecetasGraphql] INFO  o.eclipse.m2e.core.internal.Bundles - 	Entry: C:\Users\user\.p2\pool\plugins\org.eclipse.m2e.maven.runtime_3.9.1200.20260112-2306\jars\maven-resolver-named-locks-1.9.25.jar
2026-03-13 10:16:45,933 [Worker-53: Launching Executing install in C__Users_user_Documents_Juan PC guillermo SpringAngularAWS_WORKSPACES_workspaceGQL_RecetasGraphql] INFO  o.eclipse.m2e.core.internal.Bundles - 	Entry: C:\Users\user\.p2\pool\plugins\org.eclipse.m2e.maven.runtime_3.9.1200.20260112-2306\jars\maven-resolver-provider-3.9.12.jar
2026-03-13 10:16:45,933 [Worker-53: Launching Executing install in C__Users_user_Documents_Juan PC guillermo SpringAngularAWS_WORKSPACES_workspaceGQL_RecetasGraphql] INFO  o.eclipse.m2e.core.internal.Bundles - 	Entry: C:\Users\user\.p2\pool\plugins\org.eclipse.m2e.maven.runtime_3.9.1200.20260112-2306\jars\maven-resolver-spi-1.9.25.jar
2026-03-13 10:16:45,933 [Worker-53: Launching Executing install in C__Users_user_Documents_Juan PC guillermo SpringAngularAWS_WORKSPACES_workspaceGQL_RecetasGraphql] INFO  o.eclipse.m2e.core.internal.Bundles - 	Entry: C:\Users\user\.p2\pool\plugins\org.eclipse.m2e.maven.runtime_3.9.1200.20260112-2306\jars\maven-resolver-transport-file-1.9.25.jar
2026-03-13 10:16:45,933 [Worker-53: Launching Executing install in C__Users_user_Documents_Juan PC guillermo SpringAngularAWS_WORKSPACES_workspaceGQL_RecetasGraphql] INFO  o.eclipse.m2e.core.internal.Bundles - 	Entry: C:\Users\user\.p2\pool\plugins\org.eclipse.m2e.maven.runtime_3.9.1200.20260112-2306\jars\maven-resolver-transport-http-1.9.25.jar
2026-03-13 10:16:45,933 [Worker-53: Launching Executing install in C__Users_user_Documents_Juan PC guillermo SpringAngularAWS_WORKSPACES_workspaceGQL_RecetasGraphql] INFO  o.eclipse.m2e.core.internal.Bundles - 	Entry: C:\Users\user\.p2\pool\plugins\org.eclipse.m2e.maven.runtime_3.9.1200.20260112-2306\jars\maven-resolver-transport-wagon-1.9.25.jar
2026-03-13 10:16:45,933 [Worker-53: Launching Executing install in C__Users_user_Documents_Juan PC guillermo SpringAngularAWS_WORKSPACES_workspaceGQL_RecetasGraphql] INFO  o.eclipse.m2e.core.internal.Bundles - 	Entry: C:\Users\user\.p2\pool\plugins\org.eclipse.m2e.maven.runtime_3.9.1200.20260112-2306\jars\maven-resolver-util-1.9.25.jar
2026-03-13 10:16:45,933 [Worker-53: Launching Executing install in C__Users_user_Documents_Juan PC guillermo SpringAngularAWS_WORKSPACES_workspaceGQL_RecetasGraphql] INFO  o.eclipse.m2e.core.internal.Bundles - 	Entry: C:\Users\user\.p2\pool\plugins\org.eclipse.m2e.maven.runtime_3.9.1200.20260112-2306\jars\maven-settings-3.9.12.jar
2026-03-13 10:16:45,934 [Worker-53: Launching Executing install in C__Users_user_Documents_Juan PC guillermo SpringAngularAWS_WORKSPACES_workspaceGQL_RecetasGraphql] INFO  o.eclipse.m2e.core.internal.Bundles - 	Entry: C:\Users\user\.p2\pool\plugins\org.eclipse.m2e.maven.runtime_3.9.1200.20260112-2306\jars\maven-settings-builder-3.9.12.jar
2026-03-13 10:16:45,934 [Worker-53: Launching Executing install in C__Users_user_Documents_Juan PC guillermo SpringAngularAWS_WORKSPACES_workspaceGQL_RecetasGraphql] INFO  o.eclipse.m2e.core.internal.Bundles - 	Entry: C:\Users\user\.p2\pool\plugins\org.eclipse.m2e.maven.runtime_3.9.1200.20260112-2306\jars\maven-shared-utils-3.4.2.jar
2026-03-13 10:16:45,934 [Worker-53: Launching Executing install in C__Users_user_Documents_Juan PC guillermo SpringAngularAWS_WORKSPACES_workspaceGQL_RecetasGraphql] INFO  o.eclipse.m2e.core.internal.Bundles - 	Entry: C:\Users\user\.p2\pool\plugins\org.eclipse.m2e.maven.runtime_3.9.1200.20260112-2306\jars\org.eclipse.sisu.inject-0.9.0.M4.jar
2026-03-13 10:16:45,934 [Worker-53: Launching Executing install in C__Users_user_Documents_Juan PC guillermo SpringAngularAWS_WORKSPACES_workspaceGQL_RecetasGraphql] INFO  o.eclipse.m2e.core.internal.Bundles - 	Entry: C:\Users\user\.p2\pool\plugins\org.eclipse.m2e.maven.runtime_3.9.1200.20260112-2306\jars\org.eclipse.sisu.plexus-0.9.0.M4.jar
2026-03-13 10:16:45,934 [Worker-53: Launching Executing install in C__Users_user_Documents_Juan PC guillermo SpringAngularAWS_WORKSPACES_workspaceGQL_RecetasGraphql] INFO  o.eclipse.m2e.core.internal.Bundles - 	Entry: C:\Users\user\.p2\pool\plugins\org.eclipse.m2e.maven.runtime_3.9.1200.20260112-2306\jars\plexus-build-api-0.0.7.jar
2026-03-13 10:16:45,934 [Worker-53: Launching Executing install in C__Users_user_Documents_Juan PC guillermo SpringAngularAWS_WORKSPACES_workspaceGQL_RecetasGraphql] INFO  o.eclipse.m2e.core.internal.Bundles - 	Entry: C:\Users\user\.p2\pool\plugins\org.eclipse.m2e.maven.runtime_3.9.1200.20260112-2306\jars\plexus-build-api-1.2.0.jar
2026-03-13 10:16:45,934 [Worker-53: Launching Executing install in C__Users_user_Documents_Juan PC guillermo SpringAngularAWS_WORKSPACES_workspaceGQL_RecetasGraphql] INFO  o.eclipse.m2e.core.internal.Bundles - 	Entry: C:\Users\user\.p2\pool\plugins\org.eclipse.m2e.maven.runtime_3.9.1200.20260112-2306\jars\plexus-cipher-2.0.jar
2026-03-13 10:16:45,934 [Worker-53: Launching Executing install in C__Users_user_Documents_Juan PC guillermo SpringAngularAWS_WORKSPACES_workspaceGQL_RecetasGraphql] INFO  o.eclipse.m2e.core.internal.Bundles - 	Entry: C:\Users\user\.p2\pool\plugins\org.eclipse.m2e.maven.runtime_3.9.1200.20260112-2306\jars\plexus-classworlds-2.9.0.jar
2026-03-13 10:16:45,934 [Worker-53: Launching Executing install in C__Users_user_Documents_Juan PC guillermo SpringAngularAWS_WORKSPACES_workspaceGQL_RecetasGraphql] INFO  o.eclipse.m2e.core.internal.Bundles - 	Entry: C:\Users\user\.p2\pool\plugins\org.eclipse.m2e.maven.runtime_3.9.1200.20260112-2306\jars\plexus-component-annotations-2.2.0.jar
2026-03-13 10:16:45,934 [Worker-53: Launching Executing install in C__Users_user_Documents_Juan PC guillermo SpringAngularAWS_WORKSPACES_workspaceGQL_RecetasGraphql] INFO  o.eclipse.m2e.core.internal.Bundles - 	Entry: C:\Users\user\.p2\pool\plugins\org.eclipse.m2e.maven.runtime_3.9.1200.20260112-2306\jars\plexus-interpolation-1.29.jar
2026-03-13 10:16:45,935 [Worker-53: Launching Executing install in C__Users_user_Documents_Juan PC guillermo SpringAngularAWS_WORKSPACES_workspaceGQL_RecetasGraphql] INFO  o.eclipse.m2e.core.internal.Bundles - 	Entry: C:\Users\user\.p2\pool\plugins\org.eclipse.m2e.maven.runtime_3.9.1200.20260112-2306\jars\plexus-sec-dispatcher-2.0.jar
2026-03-13 10:16:45,935 [Worker-53: Launching Executing install in C__Users_user_Documents_Juan PC guillermo SpringAngularAWS_WORKSPACES_workspaceGQL_RecetasGraphql] INFO  o.eclipse.m2e.core.internal.Bundles - 	Entry: C:\Users\user\.p2\pool\plugins\org.eclipse.m2e.maven.runtime_3.9.1200.20260112-2306\jars\plexus-utils-3.6.0.jar
2026-03-13 10:16:45,935 [Worker-53: Launching Executing install in C__Users_user_Documents_Juan PC guillermo SpringAngularAWS_WORKSPACES_workspaceGQL_RecetasGraphql] INFO  o.eclipse.m2e.core.internal.Bundles - 	Entry: C:\Users\user\.p2\pool\plugins\org.eclipse.m2e.maven.runtime_3.9.1200.20260112-2306\jars\wagon-file-3.5.3.jar
2026-03-13 10:16:45,935 [Worker-53: Launching Executing install in C__Users_user_Documents_Juan PC guillermo SpringAngularAWS_WORKSPACES_workspaceGQL_RecetasGraphql] INFO  o.eclipse.m2e.core.internal.Bundles - 	Entry: C:\Users\user\.p2\pool\plugins\org.eclipse.m2e.maven.runtime_3.9.1200.20260112-2306\jars\wagon-http-3.5.3.jar
2026-03-13 10:16:45,935 [Worker-53: Launching Executing install in C__Users_user_Documents_Juan PC guillermo SpringAngularAWS_WORKSPACES_workspaceGQL_RecetasGraphql] INFO  o.eclipse.m2e.core.internal.Bundles - 	Entry: C:\Users\user\.p2\pool\plugins\org.eclipse.m2e.maven.runtime_3.9.1200.20260112-2306\jars\wagon-http-shared-3.5.3.jar
2026-03-13 10:16:45,935 [Worker-53: Launching Executing install in C__Users_user_Documents_Juan PC guillermo SpringAngularAWS_WORKSPACES_workspaceGQL_RecetasGraphql] INFO  o.eclipse.m2e.core.internal.Bundles - 	Entry: C:\Users\user\.p2\pool\plugins\org.eclipse.m2e.maven.runtime_3.9.1200.20260112-2306\jars\wagon-provider-api-3.5.3.jar
2026-03-13 10:16:45,935 [Worker-53: Launching Executing install in C__Users_user_Documents_Juan PC guillermo SpringAngularAWS_WORKSPACES_workspaceGQL_RecetasGraphql] INFO  o.eclipse.m2e.core.internal.Bundles - getClasspathEntries(Bundle=com.google.guava_33.5.0.jre [617])
2026-03-13 10:16:45,936 [Worker-53: Launching Executing install in C__Users_user_Documents_Juan PC guillermo SpringAngularAWS_WORKSPACES_workspaceGQL_RecetasGraphql] INFO  o.eclipse.m2e.core.internal.Bundles - 	Entry: C:\Users\user\.p2\pool\plugins\com.google.guava_33.5.0.jre.jar
2026-03-13 10:16:45,936 [Worker-53: Launching Executing install in C__Users_user_Documents_Juan PC guillermo SpringAngularAWS_WORKSPACES_workspaceGQL_RecetasGraphql] INFO  o.eclipse.m2e.core.internal.Bundles - getClasspathEntries(Bundle=slf4j.api_2.0.17 [609])
2026-03-13 10:16:45,937 [Worker-53: Launching Executing install in C__Users_user_Documents_Juan PC guillermo SpringAngularAWS_WORKSPACES_workspaceGQL_RecetasGraphql] INFO  o.eclipse.m2e.core.internal.Bundles - 	Entry: C:\Users\user\.p2\pool\plugins\slf4j.api_2.0.17.jar
2026-03-13 10:16:45,937 [Worker-53: Launching Executing install in C__Users_user_Documents_Juan PC guillermo SpringAngularAWS_WORKSPACES_workspaceGQL_RecetasGraphql] INFO  o.eclipse.m2e.core.internal.Bundles - getClasspathEntries(Bundle=jakarta.inject.jakarta.inject-api_1.0.5 [22])
2026-03-13 10:16:45,937 [Worker-53: Launching Executing install in C__Users_user_Documents_Juan PC guillermo SpringAngularAWS_WORKSPACES_workspaceGQL_RecetasGraphql] INFO  o.eclipse.m2e.core.internal.Bundles - 	Entry: C:\Users\user\.p2\pool\plugins\jakarta.inject.jakarta.inject-api_1.0.5.jar
2026-03-13 10:16:45,937 [Worker-53: Launching Executing install in C__Users_user_Documents_Juan PC guillermo SpringAngularAWS_WORKSPACES_workspaceGQL_RecetasGraphql] INFO  o.eclipse.m2e.core.internal.Bundles - getClasspathEntries(Bundle=javax.annotation_1.3.5.v20200909-1856 [552])
2026-03-13 10:16:45,937 [Worker-53: Launching Executing install in C__Users_user_Documents_Juan PC guillermo SpringAngularAWS_WORKSPACES_workspaceGQL_RecetasGraphql] INFO  o.eclipse.m2e.core.internal.Bundles - 	Entry: C:\Users\user\.p2\pool\plugins\javax.annotation_1.3.5.v20200909-1856.jar
2026-03-13 10:16:45,938 [Worker-53: Launching Executing install in C__Users_user_Documents_Juan PC guillermo SpringAngularAWS_WORKSPACES_workspaceGQL_RecetasGraphql] INFO  o.eclipse.m2e.core.internal.Bundles - getClasspathEntries(Bundle=org.apache.commons.cli_1.11.0 [725])
2026-03-13 10:16:45,938 [Worker-53: Launching Executing install in C__Users_user_Documents_Juan PC guillermo SpringAngularAWS_WORKSPACES_workspaceGQL_RecetasGraphql] INFO  o.eclipse.m2e.core.internal.Bundles - 	Entry: C:\Users\user\.p2\pool\plugins\org.apache.commons.cli_1.11.0.jar
2026-03-13 10:16:45,938 [Worker-53: Launching Executing install in C__Users_user_Documents_Juan PC guillermo SpringAngularAWS_WORKSPACES_workspaceGQL_RecetasGraphql] INFO  o.eclipse.m2e.core.internal.Bundles - getClasspathEntries(Bundle=org.apache.commons.commons-codec_1.21.0 [726])
2026-03-13 10:16:45,938 [Worker-53: Launching Executing install in C__Users_user_Documents_Juan PC guillermo SpringAngularAWS_WORKSPACES_workspaceGQL_RecetasGraphql] INFO  o.eclipse.m2e.core.internal.Bundles - 	Entry: C:\Users\user\.p2\pool\plugins\org.apache.commons.commons-codec_1.21.0.jar
2026-03-13 10:16:45,938 [Worker-53: Launching Executing install in C__Users_user_Documents_Juan PC guillermo SpringAngularAWS_WORKSPACES_workspaceGQL_RecetasGraphql] INFO  o.eclipse.m2e.core.internal.Bundles - getClasspathEntries(Bundle=com.google.guava.failureaccess_1.0.3 [618])
2026-03-13 10:16:45,938 [Worker-53: Launching Executing install in C__Users_user_Documents_Juan PC guillermo SpringAngularAWS_WORKSPACES_workspaceGQL_RecetasGraphql] INFO  o.eclipse.m2e.core.internal.Bundles - 	Entry: C:\Users\user\.p2\pool\plugins\com.google.guava.failureaccess_1.0.3.jar
2026-03-13 10:16:45,939 [Worker-53: Launching Executing install in C__Users_user_Documents_Juan PC guillermo SpringAngularAWS_WORKSPACES_workspaceGQL_RecetasGraphql] INFO  o.e.m.i.launch.MavenLaunchDelegate - Run build in "C:\Users\user\Documents\Juan PC guillermo SpringAngularAWS\WORKSPACES\workspaceGQL\RecetasGraphql":
2026-03-13 10:16:45,940 [Worker-53: Launching Executing install in C__Users_user_Documents_Juan PC guillermo SpringAngularAWS_WORKSPACES_workspaceGQL_RecetasGraphql] INFO  o.e.m.i.launch.MavenLaunchDelegate -  mvn  -B -Dstyle.color=always install
2026-03-13 10:39:54,417 [Worker-61: Building] INFO  o.a.m.s.f.DefaultMavenResourcesFiltering - Copying 0 resource from src\main\resources to target\classes
2026-03-13 10:39:54,423 [Worker-61: Building] INFO  o.a.m.s.f.DefaultMavenResourcesFiltering - Copying 0 resource from src\main\resources to target\classes
2026-03-13 10:39:54,429 [Worker-61: Building] INFO  o.a.m.s.f.DefaultMavenResourcesFiltering - skip non existing resourceDirectory C:\Users\user\Documents\Juan PC guillermo SpringAngularAWS\WORKSPACES\workspaceGQL\RecetasGraphql\src\test\resources
2026-03-13 10:39:54,429 [Worker-61: Building] WARN  o.apache.maven.project.MavenProject - Plugin is modifying compileSourceRoots through clear(), which will not work in Maven 4.0.0. Use MavenProject.addCompileSourceRoot()/removeCompileSourceRoot() methods instead. If using a plugin, please upgrade to the latest version or report the issue to the plugin maintainer. To disable these warnings, set -Dmaven.project.sourceRoots.warningsDisabled=true on the command line, in the .mvn/maven.config file, or in project POM properties.
2026-03-13 10:39:54,431 [Worker-61: Building] WARN  o.apache.maven.project.MavenProject - Plugin is modifying compileSourceRoots through add(), which will not work in Maven 4.0.0. Use MavenProject.addCompileSourceRoot()/removeCompileSourceRoot() methods instead. If using a plugin, please upgrade to the latest version or report the issue to the plugin maintainer. To disable these warnings, set -Dmaven.project.sourceRoots.warningsDisabled=true on the command line, in the .mvn/maven.config file, or in project POM properties.
2026-03-13 10:39:54,432 [Worker-61: Building] WARN  o.apache.maven.project.MavenProject - Plugin is modifying testCompileSourceRoots through clear(), which will not work in Maven 4.0.0. Use MavenProject.addTestCompileSourceRoot()/removeTestCompileSourceRoot() methods instead. If using a plugin, please upgrade to the latest version or report the issue to the plugin maintainer. To disable these warnings, set -Dmaven.project.sourceRoots.warningsDisabled=true on the command line, in the .mvn/maven.config file, or in project POM properties.
2026-03-13 10:39:54,435 [Worker-61: Building] WARN  o.apache.maven.project.MavenProject - Plugin is modifying testCompileSourceRoots through add(), which will not work in Maven 4.0.0. Use MavenProject.addTestCompileSourceRoot()/removeTestCompileSourceRoot() methods instead. If using a plugin, please upgrade to the latest version or report the issue to the plugin maintainer. To disable these warnings, set -Dmaven.project.sourceRoots.warningsDisabled=true on the command line, in the .mvn/maven.config file, or in project POM properties.
2026-03-13 10:40:21,158 [Worker-60: Building] INFO  o.a.m.s.f.DefaultMavenResourcesFiltering - Copying 1 resource from src\main\resources to target\classes
2026-03-13 10:40:21,179 [Worker-60: Building] INFO  o.a.m.s.f.DefaultMavenResourcesFiltering - Copying 2 resources from src\main\resources to target\classes
2026-03-13 10:40:21,183 [Worker-60: Building] INFO  o.a.m.s.f.DefaultMavenResourcesFiltering - skip non existing resourceDirectory C:\Users\user\Documents\Juan PC guillermo SpringAngularAWS\WORKSPACES\workspaceGQL\RecetasGraphql\src\test\resources
2026-03-13 10:40:21,200 [Worker-60: Building] WARN  o.apache.maven.project.MavenProject - Plugin is modifying compileSourceRoots through clear(), which will not work in Maven 4.0.0. Use MavenProject.addCompileSourceRoot()/removeCompileSourceRoot() methods instead. If using a plugin, please upgrade to the latest version or report the issue to the plugin maintainer. To disable these warnings, set -Dmaven.project.sourceRoots.warningsDisabled=true on the command line, in the .mvn/maven.config file, or in project POM properties.
2026-03-13 10:40:21,201 [Worker-60: Building] WARN  o.apache.maven.project.MavenProject - Plugin is modifying compileSourceRoots through add(), which will not work in Maven 4.0.0. Use MavenProject.addCompileSourceRoot()/removeCompileSourceRoot() methods instead. If using a plugin, please upgrade to the latest version or report the issue to the plugin maintainer. To disable these warnings, set -Dmaven.project.sourceRoots.warningsDisabled=true on the command line, in the .mvn/maven.config file, or in project POM properties.
2026-03-13 10:40:21,202 [Worker-60: Building] WARN  o.apache.maven.project.MavenProject - Plugin is modifying testCompileSourceRoots through clear(), which will not work in Maven 4.0.0. Use MavenProject.addTestCompileSourceRoot()/removeTestCompileSourceRoot() methods instead. If using a plugin, please upgrade to the latest version or report the issue to the plugin maintainer. To disable these warnings, set -Dmaven.project.sourceRoots.warningsDisabled=true on the command line, in the .mvn/maven.config file, or in project POM properties.
2026-03-13 10:40:21,202 [Worker-60: Building] WARN  o.apache.maven.project.MavenProject - Plugin is modifying testCompileSourceRoots through add(), which will not work in Maven 4.0.0. Use MavenProject.addTestCompileSourceRoot()/removeTestCompileSourceRoot() methods instead. If using a plugin, please upgrade to the latest version or report the issue to the plugin maintainer. To disable these warnings, set -Dmaven.project.sourceRoots.warningsDisabled=true on the command line, in the .mvn/maven.config file, or in project POM properties.
2026-03-13 10:40:42,297 [Worker-62: Building] INFO  o.a.m.s.f.DefaultMavenResourcesFiltering - Copying 0 resource from src\main\resources to target\classes
2026-03-13 10:40:42,299 [Worker-62: Building] INFO  o.a.m.s.f.DefaultMavenResourcesFiltering - Copying 0 resource from src\main\resources to target\classes
2026-03-13 10:40:42,303 [Worker-62: Building] INFO  o.a.m.s.f.DefaultMavenResourcesFiltering - skip non existing resourceDirectory C:\Users\user\Documents\Juan PC guillermo SpringAngularAWS\WORKSPACES\workspaceGQL\RecetasGraphql\src\test\resources
2026-03-13 10:40:42,304 [Worker-62: Building] WARN  o.apache.maven.project.MavenProject - Plugin is modifying compileSourceRoots through clear(), which will not work in Maven 4.0.0. Use MavenProject.addCompileSourceRoot()/removeCompileSourceRoot() methods instead. If using a plugin, please upgrade to the latest version or report the issue to the plugin maintainer. To disable these warnings, set -Dmaven.project.sourceRoots.warningsDisabled=true on the command line, in the .mvn/maven.config file, or in project POM properties.
2026-03-13 10:40:42,305 [Worker-62: Building] WARN  o.apache.maven.project.MavenProject - Plugin is modifying compileSourceRoots through add(), which will not work in Maven 4.0.0. Use MavenProject.addCompileSourceRoot()/removeCompileSourceRoot() methods instead. If using a plugin, please upgrade to the latest version or report the issue to the plugin maintainer. To disable these warnings, set -Dmaven.project.sourceRoots.warningsDisabled=true on the command line, in the .mvn/maven.config file, or in project POM properties.
2026-03-13 10:40:42,306 [Worker-62: Building] WARN  o.apache.maven.project.MavenProject - Plugin is modifying testCompileSourceRoots through clear(), which will not work in Maven 4.0.0. Use MavenProject.addTestCompileSourceRoot()/removeTestCompileSourceRoot() methods instead. If using a plugin, please upgrade to the latest version or report the issue to the plugin maintainer. To disable these warnings, set -Dmaven.project.sourceRoots.warningsDisabled=true on the command line, in the .mvn/maven.config file, or in project POM properties.
2026-03-13 10:40:42,308 [Worker-62: Building] WARN  o.apache.maven.project.MavenProject - Plugin is modifying testCompileSourceRoots through add(), which will not work in Maven 4.0.0. Use MavenProject.addTestCompileSourceRoot()/removeTestCompileSourceRoot() methods instead. If using a plugin, please upgrade to the latest version or report the issue to the plugin maintainer. To disable these warnings, set -Dmaven.project.sourceRoots.warningsDisabled=true on the command line, in the .mvn/maven.config file, or in project POM properties.
2026-03-13 10:42:43,716 [Worker-61: Building] INFO  o.a.m.s.f.DefaultMavenResourcesFiltering - Copying 0 resource from src\main\resources to target\classes
2026-03-13 10:42:43,718 [Worker-61: Building] INFO  o.a.m.s.f.DefaultMavenResourcesFiltering - Copying 0 resource from src\main\resources to target\classes
2026-03-13 10:42:43,721 [Worker-61: Building] INFO  o.a.m.s.f.DefaultMavenResourcesFiltering - skip non existing resourceDirectory C:\Users\user\Documents\Juan PC guillermo SpringAngularAWS\WORKSPACES\workspaceGQL\RecetasGraphql\src\test\resources
2026-03-13 10:42:43,722 [Worker-61: Building] WARN  o.apache.maven.project.MavenProject - Plugin is modifying compileSourceRoots through clear(), which will not work in Maven 4.0.0. Use MavenProject.addCompileSourceRoot()/removeCompileSourceRoot() methods instead. If using a plugin, please upgrade to the latest version or report the issue to the plugin maintainer. To disable these warnings, set -Dmaven.project.sourceRoots.warningsDisabled=true on the command line, in the .mvn/maven.config file, or in project POM properties.
2026-03-13 10:42:43,723 [Worker-61: Building] WARN  o.apache.maven.project.MavenProject - Plugin is modifying compileSourceRoots through add(), which will not work in Maven 4.0.0. Use MavenProject.addCompileSourceRoot()/removeCompileSourceRoot() methods instead. If using a plugin, please upgrade to the latest version or report the issue to the plugin maintainer. To disable these warnings, set -Dmaven.project.sourceRoots.warningsDisabled=true on the command line, in the .mvn/maven.config file, or in project POM properties.
2026-03-13 10:42:43,724 [Worker-61: Building] WARN  o.apache.maven.project.MavenProject - Plugin is modifying testCompileSourceRoots through clear(), which will not work in Maven 4.0.0. Use MavenProject.addTestCompileSourceRoot()/removeTestCompileSourceRoot() methods instead. If using a plugin, please upgrade to the latest version or report the issue to the plugin maintainer. To disable these warnings, set -Dmaven.project.sourceRoots.warningsDisabled=true on the command line, in the .mvn/maven.config file, or in project POM properties.
2026-03-13 10:42:43,725 [Worker-61: Building] WARN  o.apache.maven.project.MavenProject - Plugin is modifying testCompileSourceRoots through add(), which will not work in Maven 4.0.0. Use MavenProject.addTestCompileSourceRoot()/removeTestCompileSourceRoot() methods instead. If using a plugin, please upgrade to the latest version or report the issue to the plugin maintainer. To disable these warnings, set -Dmaven.project.sourceRoots.warningsDisabled=true on the command line, in the .mvn/maven.config file, or in project POM properties.
2026-03-13 10:42:51,517 [Worker-61: Building] INFO  o.a.m.s.f.DefaultMavenResourcesFiltering - Copying 0 resource from src\main\resources to target\classes
2026-03-13 10:42:51,519 [Worker-61: Building] INFO  o.a.m.s.f.DefaultMavenResourcesFiltering - Copying 0 resource from src\main\resources to target\classes
2026-03-13 10:42:51,523 [Worker-61: Building] INFO  o.a.m.s.f.DefaultMavenResourcesFiltering - skip non existing resourceDirectory C:\Users\user\Documents\Juan PC guillermo SpringAngularAWS\WORKSPACES\workspaceGQL\RecetasGraphql\src\test\resources
2026-03-13 10:42:51,524 [Worker-61: Building] WARN  o.apache.maven.project.MavenProject - Plugin is modifying compileSourceRoots through clear(), which will not work in Maven 4.0.0. Use MavenProject.addCompileSourceRoot()/removeCompileSourceRoot() methods instead. If using a plugin, please upgrade to the latest version or report the issue to the plugin maintainer. To disable these warnings, set -Dmaven.project.sourceRoots.warningsDisabled=true on the command line, in the .mvn/maven.config file, or in project POM properties.
2026-03-13 10:42:51,525 [Worker-61: Building] WARN  o.apache.maven.project.MavenProject - Plugin is modifying compileSourceRoots through add(), which will not work in Maven 4.0.0. Use MavenProject.addCompileSourceRoot()/removeCompileSourceRoot() methods instead. If using a plugin, please upgrade to the latest version or report the issue to the plugin maintainer. To disable these warnings, set -Dmaven.project.sourceRoots.warningsDisabled=true on the command line, in the .mvn/maven.config file, or in project POM properties.
2026-03-13 10:42:51,526 [Worker-61: Building] WARN  o.apache.maven.project.MavenProject - Plugin is modifying testCompileSourceRoots through clear(), which will not work in Maven 4.0.0. Use MavenProject.addTestCompileSourceRoot()/removeTestCompileSourceRoot() methods instead. If using a plugin, please upgrade to the latest version or report the issue to the plugin maintainer. To disable these warnings, set -Dmaven.project.sourceRoots.warningsDisabled=true on the command line, in the .mvn/maven.config file, or in project POM properties.
2026-03-13 10:42:51,527 [Worker-61: Building] WARN  o.apache.maven.project.MavenProject - Plugin is modifying testCompileSourceRoots through add(), which will not work in Maven 4.0.0. Use MavenProject.addTestCompileSourceRoot()/removeTestCompileSourceRoot() methods instead. If using a plugin, please upgrade to the latest version or report the issue to the plugin maintainer. To disable these warnings, set -Dmaven.project.sourceRoots.warningsDisabled=true on the command line, in the .mvn/maven.config file, or in project POM properties.
2026-03-13 10:42:55,079 [Worker-58: Building] INFO  o.a.m.s.f.DefaultMavenResourcesFiltering - Copying 0 resource from src\main\resources to target\classes
2026-03-13 10:42:55,081 [Worker-58: Building] INFO  o.a.m.s.f.DefaultMavenResourcesFiltering - Copying 0 resource from src\main\resources to target\classes
2026-03-13 10:42:55,085 [Worker-58: Building] INFO  o.a.m.s.f.DefaultMavenResourcesFiltering - skip non existing resourceDirectory C:\Users\user\Documents\Juan PC guillermo SpringAngularAWS\WORKSPACES\workspaceGQL\RecetasGraphql\src\test\resources
2026-03-13 10:42:55,086 [Worker-58: Building] WARN  o.apache.maven.project.MavenProject - Plugin is modifying compileSourceRoots through clear(), which will not work in Maven 4.0.0. Use MavenProject.addCompileSourceRoot()/removeCompileSourceRoot() methods instead. If using a plugin, please upgrade to the latest version or report the issue to the plugin maintainer. To disable these warnings, set -Dmaven.project.sourceRoots.warningsDisabled=true on the command line, in the .mvn/maven.config file, or in project POM properties.
2026-03-13 10:42:55,086 [Worker-58: Building] WARN  o.apache.maven.project.MavenProject - Plugin is modifying compileSourceRoots through add(), which will not work in Maven 4.0.0. Use MavenProject.addCompileSourceRoot()/removeCompileSourceRoot() methods instead. If using a plugin, please upgrade to the latest version or report the issue to the plugin maintainer. To disable these warnings, set -Dmaven.project.sourceRoots.warningsDisabled=true on the command line, in the .mvn/maven.config file, or in project POM properties.
2026-03-13 10:42:55,087 [Worker-58: Building] WARN  o.apache.maven.project.MavenProject - Plugin is modifying testCompileSourceRoots through clear(), which will not work in Maven 4.0.0. Use MavenProject.addTestCompileSourceRoot()/removeTestCompileSourceRoot() methods instead. If using a plugin, please upgrade to the latest version or report the issue to the plugin maintainer. To disable these warnings, set -Dmaven.project.sourceRoots.warningsDisabled=true on the command line, in the .mvn/maven.config file, or in project POM properties.
2026-03-13 10:42:55,088 [Worker-58: Building] WARN  o.apache.maven.project.MavenProject - Plugin is modifying testCompileSourceRoots through add(), which will not work in Maven 4.0.0. Use MavenProject.addTestCompileSourceRoot()/removeTestCompileSourceRoot() methods instead. If using a plugin, please upgrade to the latest version or report the issue to the plugin maintainer. To disable these warnings, set -Dmaven.project.sourceRoots.warningsDisabled=true on the command line, in the .mvn/maven.config file, or in project POM properties.
2026-03-13 10:46:00,511 [main] INFO  o.e.m.jdt.internal.UnitTestSupport - Updating RecetaIT from maven configuration
2026-03-13 10:52:40,932 [Worker-67: Building] INFO  o.a.m.s.f.DefaultMavenResourcesFiltering - Copying 0 resource from src\main\resources to target\classes
2026-03-13 10:52:40,934 [Worker-67: Building] INFO  o.a.m.s.f.DefaultMavenResourcesFiltering - Copying 0 resource from src\main\resources to target\classes
2026-03-13 10:52:40,937 [Worker-67: Building] INFO  o.a.m.s.f.DefaultMavenResourcesFiltering - skip non existing resourceDirectory C:\Users\user\Documents\Juan PC guillermo SpringAngularAWS\WORKSPACES\workspaceGQL\RecetasGraphql\src\test\resources
2026-03-13 10:52:40,937 [Worker-67: Building] WARN  o.apache.maven.project.MavenProject - Plugin is modifying compileSourceRoots through clear(), which will not work in Maven 4.0.0. Use MavenProject.addCompileSourceRoot()/removeCompileSourceRoot() methods instead. If using a plugin, please upgrade to the latest version or report the issue to the plugin maintainer. To disable these warnings, set -Dmaven.project.sourceRoots.warningsDisabled=true on the command line, in the .mvn/maven.config file, or in project POM properties.
2026-03-13 10:52:40,938 [Worker-67: Building] WARN  o.apache.maven.project.MavenProject - Plugin is modifying compileSourceRoots through add(), which will not work in Maven 4.0.0. Use MavenProject.addCompileSourceRoot()/removeCompileSourceRoot() methods instead. If using a plugin, please upgrade to the latest version or report the issue to the plugin maintainer. To disable these warnings, set -Dmaven.project.sourceRoots.warningsDisabled=true on the command line, in the .mvn/maven.config file, or in project POM properties.
2026-03-13 10:52:40,939 [Worker-67: Building] WARN  o.apache.maven.project.MavenProject - Plugin is modifying testCompileSourceRoots through clear(), which will not work in Maven 4.0.0. Use MavenProject.addTestCompileSourceRoot()/removeTestCompileSourceRoot() methods instead. If using a plugin, please upgrade to the latest version or report the issue to the plugin maintainer. To disable these warnings, set -Dmaven.project.sourceRoots.warningsDisabled=true on the command line, in the .mvn/maven.config file, or in project POM properties.
2026-03-13 10:52:40,940 [Worker-67: Building] WARN  o.apache.maven.project.MavenProject - Plugin is modifying testCompileSourceRoots through add(), which will not work in Maven 4.0.0. Use MavenProject.addTestCompileSourceRoot()/removeTestCompileSourceRoot() methods instead. If using a plugin, please upgrade to the latest version or report the issue to the plugin maintainer. To disable these warnings, set -Dmaven.project.sourceRoots.warningsDisabled=true on the command line, in the .mvn/maven.config file, or in project POM properties.
2026-03-13 10:52:47,561 [Worker-74: Building] INFO  o.a.m.s.f.DefaultMavenResourcesFiltering - Copying 0 resource from src\main\resources to target\classes
2026-03-13 10:52:47,562 [Worker-74: Building] INFO  o.a.m.s.f.DefaultMavenResourcesFiltering - Copying 0 resource from src\main\resources to target\classes
2026-03-13 10:52:47,565 [Worker-74: Building] INFO  o.a.m.s.f.DefaultMavenResourcesFiltering - skip non existing resourceDirectory C:\Users\user\Documents\Juan PC guillermo SpringAngularAWS\WORKSPACES\workspaceGQL\RecetasGraphql\src\test\resources
2026-03-13 10:52:47,566 [Worker-74: Building] WARN  o.apache.maven.project.MavenProject - Plugin is modifying compileSourceRoots through clear(), which will not work in Maven 4.0.0. Use MavenProject.addCompileSourceRoot()/removeCompileSourceRoot() methods instead. If using a plugin, please upgrade to the latest version or report the issue to the plugin maintainer. To disable these warnings, set -Dmaven.project.sourceRoots.warningsDisabled=true on the command line, in the .mvn/maven.config file, or in project POM properties.
2026-03-13 10:52:47,567 [Worker-74: Building] WARN  o.apache.maven.project.MavenProject - Plugin is modifying compileSourceRoots through add(), which will not work in Maven 4.0.0. Use MavenProject.addCompileSourceRoot()/removeCompileSourceRoot() methods instead. If using a plugin, please upgrade to the latest version or report the issue to the plugin maintainer. To disable these warnings, set -Dmaven.project.sourceRoots.warningsDisabled=true on the command line, in the .mvn/maven.config file, or in project POM properties.
2026-03-13 10:52:47,567 [Worker-74: Building] WARN  o.apache.maven.project.MavenProject - Plugin is modifying testCompileSourceRoots through clear(), which will not work in Maven 4.0.0. Use MavenProject.addTestCompileSourceRoot()/removeTestCompileSourceRoot() methods instead. If using a plugin, please upgrade to the latest version or report the issue to the plugin maintainer. To disable these warnings, set -Dmaven.project.sourceRoots.warningsDisabled=true on the command line, in the .mvn/maven.config file, or in project POM properties.
2026-03-13 10:52:47,568 [Worker-74: Building] WARN  o.apache.maven.project.MavenProject - Plugin is modifying testCompileSourceRoots through add(), which will not work in Maven 4.0.0. Use MavenProject.addTestCompileSourceRoot()/removeTestCompileSourceRoot() methods instead. If using a plugin, please upgrade to the latest version or report the issue to the plugin maintainer. To disable these warnings, set -Dmaven.project.sourceRoots.warningsDisabled=true on the command line, in the .mvn/maven.config file, or in project POM properties.
2026-03-13 10:53:05,508 [Worker-71: Building] INFO  o.a.m.s.f.DefaultMavenResourcesFiltering - Copying 1 resource from src\main\resources to target\classes
2026-03-13 10:53:05,515 [Worker-71: Building] INFO  o.a.m.s.f.DefaultMavenResourcesFiltering - Copying 2 resources from src\main\resources to target\classes
2026-03-13 10:53:05,519 [Worker-71: Building] INFO  o.a.m.s.f.DefaultMavenResourcesFiltering - skip non existing resourceDirectory C:\Users\user\Documents\Juan PC guillermo SpringAngularAWS\WORKSPACES\workspaceGQL\RecetasGraphql\src\test\resources
2026-03-13 10:53:05,541 [Worker-71: Building] WARN  o.apache.maven.project.MavenProject - Plugin is modifying compileSourceRoots through clear(), which will not work in Maven 4.0.0. Use MavenProject.addCompileSourceRoot()/removeCompileSourceRoot() methods instead. If using a plugin, please upgrade to the latest version or report the issue to the plugin maintainer. To disable these warnings, set -Dmaven.project.sourceRoots.warningsDisabled=true on the command line, in the .mvn/maven.config file, or in project POM properties.
2026-03-13 10:53:05,543 [Worker-71: Building] WARN  o.apache.maven.project.MavenProject - Plugin is modifying compileSourceRoots through add(), which will not work in Maven 4.0.0. Use MavenProject.addCompileSourceRoot()/removeCompileSourceRoot() methods instead. If using a plugin, please upgrade to the latest version or report the issue to the plugin maintainer. To disable these warnings, set -Dmaven.project.sourceRoots.warningsDisabled=true on the command line, in the .mvn/maven.config file, or in project POM properties.
2026-03-13 10:53:05,545 [Worker-71: Building] WARN  o.apache.maven.project.MavenProject - Plugin is modifying testCompileSourceRoots through clear(), which will not work in Maven 4.0.0. Use MavenProject.addTestCompileSourceRoot()/removeTestCompileSourceRoot() methods instead. If using a plugin, please upgrade to the latest version or report the issue to the plugin maintainer. To disable these warnings, set -Dmaven.project.sourceRoots.warningsDisabled=true on the command line, in the .mvn/maven.config file, or in project POM properties.
2026-03-13 10:53:05,546 [Worker-71: Building] WARN  o.apache.maven.project.MavenProject - Plugin is modifying testCompileSourceRoots through add(), which will not work in Maven 4.0.0. Use MavenProject.addTestCompileSourceRoot()/removeTestCompileSourceRoot() methods instead. If using a plugin, please upgrade to the latest version or report the issue to the plugin maintainer. To disable these warnings, set -Dmaven.project.sourceRoots.warningsDisabled=true on the command line, in the .mvn/maven.config file, or in project POM properties.
2026-03-13 10:53:31,755 [Worker-73: Launching Executing clean in C__Users_user_Documents_Juan PC guillermo SpringAngularAWS_WORKSPACES_workspaceGQL_RecetasGraphql] INFO  o.eclipse.m2e.core.internal.Bundles - getClasspathEntries(Bundle=org.eclipse.m2e.maven.runtime_3.9.1200.20260112-2306 [945])
2026-03-13 10:53:31,756 [Worker-73: Launching Executing clean in C__Users_user_Documents_Juan PC guillermo SpringAngularAWS_WORKSPACES_workspaceGQL_RecetasGraphql] INFO  o.eclipse.m2e.core.internal.Bundles - 	Entry: C:\Users\user\.p2\pool\plugins\org.eclipse.m2e.maven.runtime_3.9.1200.20260112-2306
2026-03-13 10:53:31,756 [Worker-73: Launching Executing clean in C__Users_user_Documents_Juan PC guillermo SpringAngularAWS_WORKSPACES_workspaceGQL_RecetasGraphql] INFO  o.eclipse.m2e.core.internal.Bundles - 	Entry: C:\Users\user\.p2\pool\plugins\org.eclipse.m2e.maven.runtime_3.9.1200.20260112-2306\jars\aopalliance-1.0.jar
2026-03-13 10:53:31,756 [Worker-73: Launching Executing clean in C__Users_user_Documents_Juan PC guillermo SpringAngularAWS_WORKSPACES_workspaceGQL_RecetasGraphql] INFO  o.eclipse.m2e.core.internal.Bundles - 	Entry: C:\Users\user\.p2\pool\plugins\org.eclipse.m2e.maven.runtime_3.9.1200.20260112-2306\jars\asm-9.9.jar
2026-03-13 10:53:31,757 [Worker-73: Launching Executing clean in C__Users_user_Documents_Juan PC guillermo SpringAngularAWS_WORKSPACES_workspaceGQL_RecetasGraphql] INFO  o.eclipse.m2e.core.internal.Bundles - 	Entry: C:\Users\user\.p2\pool\plugins\org.eclipse.m2e.maven.runtime_3.9.1200.20260112-2306\jars\error_prone_annotations-2.41.0.jar
2026-03-13 10:53:31,757 [Worker-73: Launching Executing clean in C__Users_user_Documents_Juan PC guillermo SpringAngularAWS_WORKSPACES_workspaceGQL_RecetasGraphql] INFO  o.eclipse.m2e.core.internal.Bundles - 	Entry: C:\Users\user\.p2\pool\plugins\org.eclipse.m2e.maven.runtime_3.9.1200.20260112-2306\jars\gson-2.13.2.jar
2026-03-13 10:53:31,757 [Worker-73: Launching Executing clean in C__Users_user_Documents_Juan PC guillermo SpringAngularAWS_WORKSPACES_workspaceGQL_RecetasGraphql] INFO  o.eclipse.m2e.core.internal.Bundles - 	Entry: C:\Users\user\.p2\pool\plugins\org.eclipse.m2e.maven.runtime_3.9.1200.20260112-2306\jars\guice-5.1.0-classes.jar
2026-03-13 10:53:31,757 [Worker-73: Launching Executing clean in C__Users_user_Documents_Juan PC guillermo SpringAngularAWS_WORKSPACES_workspaceGQL_RecetasGraphql] INFO  o.eclipse.m2e.core.internal.Bundles - 	Entry: C:\Users\user\.p2\pool\plugins\org.eclipse.m2e.maven.runtime_3.9.1200.20260112-2306\jars\httpclient-4.5.14.jar
2026-03-13 10:53:31,757 [Worker-73: Launching Executing clean in C__Users_user_Documents_Juan PC guillermo SpringAngularAWS_WORKSPACES_workspaceGQL_RecetasGraphql] INFO  o.eclipse.m2e.core.internal.Bundles - 	Entry: C:\Users\user\.p2\pool\plugins\org.eclipse.m2e.maven.runtime_3.9.1200.20260112-2306\jars\httpcore-4.4.16.jar
2026-03-13 10:53:31,757 [Worker-73: Launching Executing clean in C__Users_user_Documents_Juan PC guillermo SpringAngularAWS_WORKSPACES_workspaceGQL_RecetasGraphql] INFO  o.eclipse.m2e.core.internal.Bundles - 	Entry: C:\Users\user\.p2\pool\plugins\org.eclipse.m2e.maven.runtime_3.9.1200.20260112-2306\jars\jansi-2.4.2.jar
2026-03-13 10:53:31,757 [Worker-73: Launching Executing clean in C__Users_user_Documents_Juan PC guillermo SpringAngularAWS_WORKSPACES_workspaceGQL_RecetasGraphql] INFO  o.eclipse.m2e.core.internal.Bundles - 	Entry: C:\Users\user\.p2\pool\plugins\org.eclipse.m2e.maven.runtime_3.9.1200.20260112-2306\jars\jcl-over-slf4j-1.7.36.jar
2026-03-13 10:53:31,758 [Worker-73: Launching Executing clean in C__Users_user_Documents_Juan PC guillermo SpringAngularAWS_WORKSPACES_workspaceGQL_RecetasGraphql] INFO  o.eclipse.m2e.core.internal.Bundles - 	Entry: C:\Users\user\.p2\pool\plugins\org.eclipse.m2e.maven.runtime_3.9.1200.20260112-2306\jars\maven-artifact-3.9.12.jar
2026-03-13 10:53:31,758 [Worker-73: Launching Executing clean in C__Users_user_Documents_Juan PC guillermo SpringAngularAWS_WORKSPACES_workspaceGQL_RecetasGraphql] INFO  o.eclipse.m2e.core.internal.Bundles - 	Entry: C:\Users\user\.p2\pool\plugins\org.eclipse.m2e.maven.runtime_3.9.1200.20260112-2306\jars\maven-builder-support-3.9.12.jar
2026-03-13 10:53:31,758 [Worker-73: Launching Executing clean in C__Users_user_Documents_Juan PC guillermo SpringAngularAWS_WORKSPACES_workspaceGQL_RecetasGraphql] INFO  o.eclipse.m2e.core.internal.Bundles - 	Entry: C:\Users\user\.p2\pool\plugins\org.eclipse.m2e.maven.runtime_3.9.1200.20260112-2306\jars\maven-compat-3.9.12.jar
2026-03-13 10:53:31,758 [Worker-73: Launching Executing clean in C__Users_user_Documents_Juan PC guillermo SpringAngularAWS_WORKSPACES_workspaceGQL_RecetasGraphql] INFO  o.eclipse.m2e.core.internal.Bundles - 	Entry: C:\Users\user\.p2\pool\plugins\org.eclipse.m2e.maven.runtime_3.9.1200.20260112-2306\jars\maven-core-3.9.12.jar
2026-03-13 10:53:31,758 [Worker-73: Launching Executing clean in C__Users_user_Documents_Juan PC guillermo SpringAngularAWS_WORKSPACES_workspaceGQL_RecetasGraphql] INFO  o.eclipse.m2e.core.internal.Bundles - 	Entry: C:\Users\user\.p2\pool\plugins\org.eclipse.m2e.maven.runtime_3.9.1200.20260112-2306\jars\maven-embedder-3.9.12.jar
2026-03-13 10:53:31,758 [Worker-73: Launching Executing clean in C__Users_user_Documents_Juan PC guillermo SpringAngularAWS_WORKSPACES_workspaceGQL_RecetasGraphql] INFO  o.eclipse.m2e.core.internal.Bundles - 	Entry: C:\Users\user\.p2\pool\plugins\org.eclipse.m2e.maven.runtime_3.9.1200.20260112-2306\jars\maven-model-3.9.12.jar
2026-03-13 10:53:31,758 [Worker-73: Launching Executing clean in C__Users_user_Documents_Juan PC guillermo SpringAngularAWS_WORKSPACES_workspaceGQL_RecetasGraphql] INFO  o.eclipse.m2e.core.internal.Bundles - 	Entry: C:\Users\user\.p2\pool\plugins\org.eclipse.m2e.maven.runtime_3.9.1200.20260112-2306\jars\maven-model-builder-3.9.12.jar
2026-03-13 10:53:31,758 [Worker-73: Launching Executing clean in C__Users_user_Documents_Juan PC guillermo SpringAngularAWS_WORKSPACES_workspaceGQL_RecetasGraphql] INFO  o.eclipse.m2e.core.internal.Bundles - 	Entry: C:\Users\user\.p2\pool\plugins\org.eclipse.m2e.maven.runtime_3.9.1200.20260112-2306\jars\maven-plugin-api-3.9.12.jar
2026-03-13 10:53:31,759 [Worker-73: Launching Executing clean in C__Users_user_Documents_Juan PC guillermo SpringAngularAWS_WORKSPACES_workspaceGQL_RecetasGraphql] INFO  o.eclipse.m2e.core.internal.Bundles - 	Entry: C:\Users\user\.p2\pool\plugins\org.eclipse.m2e.maven.runtime_3.9.1200.20260112-2306\jars\maven-repository-metadata-3.9.12.jar
2026-03-13 10:53:31,759 [Worker-73: Launching Executing clean in C__Users_user_Documents_Juan PC guillermo SpringAngularAWS_WORKSPACES_workspaceGQL_RecetasGraphql] INFO  o.eclipse.m2e.core.internal.Bundles - 	Entry: C:\Users\user\.p2\pool\plugins\org.eclipse.m2e.maven.runtime_3.9.1200.20260112-2306\jars\maven-resolver-api-1.9.25.jar
2026-03-13 10:53:31,759 [Worker-73: Launching Executing clean in C__Users_user_Documents_Juan PC guillermo SpringAngularAWS_WORKSPACES_workspaceGQL_RecetasGraphql] INFO  o.eclipse.m2e.core.internal.Bundles - 	Entry: C:\Users\user\.p2\pool\plugins\org.eclipse.m2e.maven.runtime_3.9.1200.20260112-2306\jars\maven-resolver-connector-basic-1.9.25.jar
2026-03-13 10:53:31,759 [Worker-73: Launching Executing clean in C__Users_user_Documents_Juan PC guillermo SpringAngularAWS_WORKSPACES_workspaceGQL_RecetasGraphql] INFO  o.eclipse.m2e.core.internal.Bundles - 	Entry: C:\Users\user\.p2\pool\plugins\org.eclipse.m2e.maven.runtime_3.9.1200.20260112-2306\jars\maven-resolver-impl-1.9.25.jar
2026-03-13 10:53:31,759 [Worker-73: Launching Executing clean in C__Users_user_Documents_Juan PC guillermo SpringAngularAWS_WORKSPACES_workspaceGQL_RecetasGraphql] INFO  o.eclipse.m2e.core.internal.Bundles - 	Entry: C:\Users\user\.p2\pool\plugins\org.eclipse.m2e.maven.runtime_3.9.1200.20260112-2306\jars\maven-resolver-named-locks-1.9.25.jar
2026-03-13 10:53:31,759 [Worker-73: Launching Executing clean in C__Users_user_Documents_Juan PC guillermo SpringAngularAWS_WORKSPACES_workspaceGQL_RecetasGraphql] INFO  o.eclipse.m2e.core.internal.Bundles - 	Entry: C:\Users\user\.p2\pool\plugins\org.eclipse.m2e.maven.runtime_3.9.1200.20260112-2306\jars\maven-resolver-provider-3.9.12.jar
2026-03-13 10:53:31,759 [Worker-73: Launching Executing clean in C__Users_user_Documents_Juan PC guillermo SpringAngularAWS_WORKSPACES_workspaceGQL_RecetasGraphql] INFO  o.eclipse.m2e.core.internal.Bundles - 	Entry: C:\Users\user\.p2\pool\plugins\org.eclipse.m2e.maven.runtime_3.9.1200.20260112-2306\jars\maven-resolver-spi-1.9.25.jar
2026-03-13 10:53:31,759 [Worker-73: Launching Executing clean in C__Users_user_Documents_Juan PC guillermo SpringAngularAWS_WORKSPACES_workspaceGQL_RecetasGraphql] INFO  o.eclipse.m2e.core.internal.Bundles - 	Entry: C:\Users\user\.p2\pool\plugins\org.eclipse.m2e.maven.runtime_3.9.1200.20260112-2306\jars\maven-resolver-transport-file-1.9.25.jar
2026-03-13 10:53:31,760 [Worker-73: Launching Executing clean in C__Users_user_Documents_Juan PC guillermo SpringAngularAWS_WORKSPACES_workspaceGQL_RecetasGraphql] INFO  o.eclipse.m2e.core.internal.Bundles - 	Entry: C:\Users\user\.p2\pool\plugins\org.eclipse.m2e.maven.runtime_3.9.1200.20260112-2306\jars\maven-resolver-transport-http-1.9.25.jar
2026-03-13 10:53:31,760 [Worker-73: Launching Executing clean in C__Users_user_Documents_Juan PC guillermo SpringAngularAWS_WORKSPACES_workspaceGQL_RecetasGraphql] INFO  o.eclipse.m2e.core.internal.Bundles - 	Entry: C:\Users\user\.p2\pool\plugins\org.eclipse.m2e.maven.runtime_3.9.1200.20260112-2306\jars\maven-resolver-transport-wagon-1.9.25.jar
2026-03-13 10:53:31,760 [Worker-73: Launching Executing clean in C__Users_user_Documents_Juan PC guillermo SpringAngularAWS_WORKSPACES_workspaceGQL_RecetasGraphql] INFO  o.eclipse.m2e.core.internal.Bundles - 	Entry: C:\Users\user\.p2\pool\plugins\org.eclipse.m2e.maven.runtime_3.9.1200.20260112-2306\jars\maven-resolver-util-1.9.25.jar
2026-03-13 10:53:31,760 [Worker-73: Launching Executing clean in C__Users_user_Documents_Juan PC guillermo SpringAngularAWS_WORKSPACES_workspaceGQL_RecetasGraphql] INFO  o.eclipse.m2e.core.internal.Bundles - 	Entry: C:\Users\user\.p2\pool\plugins\org.eclipse.m2e.maven.runtime_3.9.1200.20260112-2306\jars\maven-settings-3.9.12.jar
2026-03-13 10:53:31,760 [Worker-73: Launching Executing clean in C__Users_user_Documents_Juan PC guillermo SpringAngularAWS_WORKSPACES_workspaceGQL_RecetasGraphql] INFO  o.eclipse.m2e.core.internal.Bundles - 	Entry: C:\Users\user\.p2\pool\plugins\org.eclipse.m2e.maven.runtime_3.9.1200.20260112-2306\jars\maven-settings-builder-3.9.12.jar
2026-03-13 10:53:31,760 [Worker-73: Launching Executing clean in C__Users_user_Documents_Juan PC guillermo SpringAngularAWS_WORKSPACES_workspaceGQL_RecetasGraphql] INFO  o.eclipse.m2e.core.internal.Bundles - 	Entry: C:\Users\user\.p2\pool\plugins\org.eclipse.m2e.maven.runtime_3.9.1200.20260112-2306\jars\maven-shared-utils-3.4.2.jar
2026-03-13 10:53:31,760 [Worker-73: Launching Executing clean in C__Users_user_Documents_Juan PC guillermo SpringAngularAWS_WORKSPACES_workspaceGQL_RecetasGraphql] INFO  o.eclipse.m2e.core.internal.Bundles - 	Entry: C:\Users\user\.p2\pool\plugins\org.eclipse.m2e.maven.runtime_3.9.1200.20260112-2306\jars\org.eclipse.sisu.inject-0.9.0.M4.jar
2026-03-13 10:53:31,760 [Worker-73: Launching Executing clean in C__Users_user_Documents_Juan PC guillermo SpringAngularAWS_WORKSPACES_workspaceGQL_RecetasGraphql] INFO  o.eclipse.m2e.core.internal.Bundles - 	Entry: C:\Users\user\.p2\pool\plugins\org.eclipse.m2e.maven.runtime_3.9.1200.20260112-2306\jars\org.eclipse.sisu.plexus-0.9.0.M4.jar
2026-03-13 10:53:31,761 [Worker-73: Launching Executing clean in C__Users_user_Documents_Juan PC guillermo SpringAngularAWS_WORKSPACES_workspaceGQL_RecetasGraphql] INFO  o.eclipse.m2e.core.internal.Bundles - 	Entry: C:\Users\user\.p2\pool\plugins\org.eclipse.m2e.maven.runtime_3.9.1200.20260112-2306\jars\plexus-build-api-0.0.7.jar
2026-03-13 10:53:31,761 [Worker-73: Launching Executing clean in C__Users_user_Documents_Juan PC guillermo SpringAngularAWS_WORKSPACES_workspaceGQL_RecetasGraphql] INFO  o.eclipse.m2e.core.internal.Bundles - 	Entry: C:\Users\user\.p2\pool\plugins\org.eclipse.m2e.maven.runtime_3.9.1200.20260112-2306\jars\plexus-build-api-1.2.0.jar
2026-03-13 10:53:31,761 [Worker-73: Launching Executing clean in C__Users_user_Documents_Juan PC guillermo SpringAngularAWS_WORKSPACES_workspaceGQL_RecetasGraphql] INFO  o.eclipse.m2e.core.internal.Bundles - 	Entry: C:\Users\user\.p2\pool\plugins\org.eclipse.m2e.maven.runtime_3.9.1200.20260112-2306\jars\plexus-cipher-2.0.jar
2026-03-13 10:53:31,761 [Worker-73: Launching Executing clean in C__Users_user_Documents_Juan PC guillermo SpringAngularAWS_WORKSPACES_workspaceGQL_RecetasGraphql] INFO  o.eclipse.m2e.core.internal.Bundles - 	Entry: C:\Users\user\.p2\pool\plugins\org.eclipse.m2e.maven.runtime_3.9.1200.20260112-2306\jars\plexus-classworlds-2.9.0.jar
2026-03-13 10:53:31,761 [Worker-73: Launching Executing clean in C__Users_user_Documents_Juan PC guillermo SpringAngularAWS_WORKSPACES_workspaceGQL_RecetasGraphql] INFO  o.eclipse.m2e.core.internal.Bundles - 	Entry: C:\Users\user\.p2\pool\plugins\org.eclipse.m2e.maven.runtime_3.9.1200.20260112-2306\jars\plexus-component-annotations-2.2.0.jar
2026-03-13 10:53:31,761 [Worker-73: Launching Executing clean in C__Users_user_Documents_Juan PC guillermo SpringAngularAWS_WORKSPACES_workspaceGQL_RecetasGraphql] INFO  o.eclipse.m2e.core.internal.Bundles - 	Entry: C:\Users\user\.p2\pool\plugins\org.eclipse.m2e.maven.runtime_3.9.1200.20260112-2306\jars\plexus-interpolation-1.29.jar
2026-03-13 10:53:31,761 [Worker-73: Launching Executing clean in C__Users_user_Documents_Juan PC guillermo SpringAngularAWS_WORKSPACES_workspaceGQL_RecetasGraphql] INFO  o.eclipse.m2e.core.internal.Bundles - 	Entry: C:\Users\user\.p2\pool\plugins\org.eclipse.m2e.maven.runtime_3.9.1200.20260112-2306\jars\plexus-sec-dispatcher-2.0.jar
2026-03-13 10:53:31,761 [Worker-73: Launching Executing clean in C__Users_user_Documents_Juan PC guillermo SpringAngularAWS_WORKSPACES_workspaceGQL_RecetasGraphql] INFO  o.eclipse.m2e.core.internal.Bundles - 	Entry: C:\Users\user\.p2\pool\plugins\org.eclipse.m2e.maven.runtime_3.9.1200.20260112-2306\jars\plexus-utils-3.6.0.jar
2026-03-13 10:53:31,761 [Worker-73: Launching Executing clean in C__Users_user_Documents_Juan PC guillermo SpringAngularAWS_WORKSPACES_workspaceGQL_RecetasGraphql] INFO  o.eclipse.m2e.core.internal.Bundles - 	Entry: C:\Users\user\.p2\pool\plugins\org.eclipse.m2e.maven.runtime_3.9.1200.20260112-2306\jars\wagon-file-3.5.3.jar
2026-03-13 10:53:31,761 [Worker-73: Launching Executing clean in C__Users_user_Documents_Juan PC guillermo SpringAngularAWS_WORKSPACES_workspaceGQL_RecetasGraphql] INFO  o.eclipse.m2e.core.internal.Bundles - 	Entry: C:\Users\user\.p2\pool\plugins\org.eclipse.m2e.maven.runtime_3.9.1200.20260112-2306\jars\wagon-http-3.5.3.jar
2026-03-13 10:53:31,762 [Worker-73: Launching Executing clean in C__Users_user_Documents_Juan PC guillermo SpringAngularAWS_WORKSPACES_workspaceGQL_RecetasGraphql] INFO  o.eclipse.m2e.core.internal.Bundles - 	Entry: C:\Users\user\.p2\pool\plugins\org.eclipse.m2e.maven.runtime_3.9.1200.20260112-2306\jars\wagon-http-shared-3.5.3.jar
2026-03-13 10:53:31,762 [Worker-73: Launching Executing clean in C__Users_user_Documents_Juan PC guillermo SpringAngularAWS_WORKSPACES_workspaceGQL_RecetasGraphql] INFO  o.eclipse.m2e.core.internal.Bundles - 	Entry: C:\Users\user\.p2\pool\plugins\org.eclipse.m2e.maven.runtime_3.9.1200.20260112-2306\jars\wagon-provider-api-3.5.3.jar
2026-03-13 10:53:31,762 [Worker-73: Launching Executing clean in C__Users_user_Documents_Juan PC guillermo SpringAngularAWS_WORKSPACES_workspaceGQL_RecetasGraphql] INFO  o.eclipse.m2e.core.internal.Bundles - getClasspathEntries(Bundle=com.google.guava_33.5.0.jre [617])
2026-03-13 10:53:31,762 [Worker-73: Launching Executing clean in C__Users_user_Documents_Juan PC guillermo SpringAngularAWS_WORKSPACES_workspaceGQL_RecetasGraphql] INFO  o.eclipse.m2e.core.internal.Bundles - 	Entry: C:\Users\user\.p2\pool\plugins\com.google.guava_33.5.0.jre.jar
2026-03-13 10:53:31,762 [Worker-73: Launching Executing clean in C__Users_user_Documents_Juan PC guillermo SpringAngularAWS_WORKSPACES_workspaceGQL_RecetasGraphql] INFO  o.eclipse.m2e.core.internal.Bundles - getClasspathEntries(Bundle=slf4j.api_2.0.17 [609])
2026-03-13 10:53:31,763 [Worker-73: Launching Executing clean in C__Users_user_Documents_Juan PC guillermo SpringAngularAWS_WORKSPACES_workspaceGQL_RecetasGraphql] INFO  o.eclipse.m2e.core.internal.Bundles - 	Entry: C:\Users\user\.p2\pool\plugins\slf4j.api_2.0.17.jar
2026-03-13 10:53:31,763 [Worker-73: Launching Executing clean in C__Users_user_Documents_Juan PC guillermo SpringAngularAWS_WORKSPACES_workspaceGQL_RecetasGraphql] INFO  o.eclipse.m2e.core.internal.Bundles - getClasspathEntries(Bundle=jakarta.inject.jakarta.inject-api_1.0.5 [22])
2026-03-13 10:53:31,763 [Worker-73: Launching Executing clean in C__Users_user_Documents_Juan PC guillermo SpringAngularAWS_WORKSPACES_workspaceGQL_RecetasGraphql] INFO  o.eclipse.m2e.core.internal.Bundles - 	Entry: C:\Users\user\.p2\pool\plugins\jakarta.inject.jakarta.inject-api_1.0.5.jar
2026-03-13 10:53:31,763 [Worker-73: Launching Executing clean in C__Users_user_Documents_Juan PC guillermo SpringAngularAWS_WORKSPACES_workspaceGQL_RecetasGraphql] INFO  o.eclipse.m2e.core.internal.Bundles - getClasspathEntries(Bundle=javax.annotation_1.3.5.v20200909-1856 [552])
2026-03-13 10:53:31,764 [Worker-73: Launching Executing clean in C__Users_user_Documents_Juan PC guillermo SpringAngularAWS_WORKSPACES_workspaceGQL_RecetasGraphql] INFO  o.eclipse.m2e.core.internal.Bundles - 	Entry: C:\Users\user\.p2\pool\plugins\javax.annotation_1.3.5.v20200909-1856.jar
2026-03-13 10:53:31,764 [Worker-73: Launching Executing clean in C__Users_user_Documents_Juan PC guillermo SpringAngularAWS_WORKSPACES_workspaceGQL_RecetasGraphql] INFO  o.eclipse.m2e.core.internal.Bundles - getClasspathEntries(Bundle=org.apache.commons.cli_1.11.0 [725])
2026-03-13 10:53:31,764 [Worker-73: Launching Executing clean in C__Users_user_Documents_Juan PC guillermo SpringAngularAWS_WORKSPACES_workspaceGQL_RecetasGraphql] INFO  o.eclipse.m2e.core.internal.Bundles - 	Entry: C:\Users\user\.p2\pool\plugins\org.apache.commons.cli_1.11.0.jar
2026-03-13 10:53:31,764 [Worker-73: Launching Executing clean in C__Users_user_Documents_Juan PC guillermo SpringAngularAWS_WORKSPACES_workspaceGQL_RecetasGraphql] INFO  o.eclipse.m2e.core.internal.Bundles - getClasspathEntries(Bundle=org.apache.commons.commons-codec_1.21.0 [726])
2026-03-13 10:53:31,765 [Worker-73: Launching Executing clean in C__Users_user_Documents_Juan PC guillermo SpringAngularAWS_WORKSPACES_workspaceGQL_RecetasGraphql] INFO  o.eclipse.m2e.core.internal.Bundles - 	Entry: C:\Users\user\.p2\pool\plugins\org.apache.commons.commons-codec_1.21.0.jar
2026-03-13 10:53:31,765 [Worker-73: Launching Executing clean in C__Users_user_Documents_Juan PC guillermo SpringAngularAWS_WORKSPACES_workspaceGQL_RecetasGraphql] INFO  o.eclipse.m2e.core.internal.Bundles - getClasspathEntries(Bundle=com.google.guava.failureaccess_1.0.3 [618])
2026-03-13 10:53:31,765 [Worker-73: Launching Executing clean in C__Users_user_Documents_Juan PC guillermo SpringAngularAWS_WORKSPACES_workspaceGQL_RecetasGraphql] INFO  o.eclipse.m2e.core.internal.Bundles - 	Entry: C:\Users\user\.p2\pool\plugins\com.google.guava.failureaccess_1.0.3.jar
2026-03-13 10:53:31,785 [Worker-73: Launching Executing clean in C__Users_user_Documents_Juan PC guillermo SpringAngularAWS_WORKSPACES_workspaceGQL_RecetasGraphql] INFO  o.e.m.i.launch.MavenLaunchDelegate - Run build in "C:\Users\user\Documents\Juan PC guillermo SpringAngularAWS\WORKSPACES\workspaceGQL\RecetasGraphql":
2026-03-13 10:53:31,785 [Worker-73: Launching Executing clean in C__Users_user_Documents_Juan PC guillermo SpringAngularAWS_WORKSPACES_workspaceGQL_RecetasGraphql] INFO  o.e.m.i.launch.MavenLaunchDelegate -  mvn  -B -Dstyle.color=always clean
2026-03-13 10:53:35,085 [Worker-76: Building] INFO  o.a.m.s.f.DefaultMavenResourcesFiltering - Copying 1 resource from src\main\resources to target\classes
2026-03-13 10:53:35,087 [Worker-76: Building] INFO  o.a.m.s.f.DefaultMavenResourcesFiltering - Copying 2 resources from src\main\resources to target\classes
2026-03-13 10:53:35,096 [Worker-76: Building] INFO  o.a.m.s.f.DefaultMavenResourcesFiltering - skip non existing resourceDirectory C:\Users\user\Documents\Juan PC guillermo SpringAngularAWS\WORKSPACES\workspaceGQL\RecetasGraphql\src\test\resources
2026-03-13 10:53:35,108 [Worker-76: Building] WARN  o.apache.maven.project.MavenProject - Plugin is modifying compileSourceRoots through clear(), which will not work in Maven 4.0.0. Use MavenProject.addCompileSourceRoot()/removeCompileSourceRoot() methods instead. If using a plugin, please upgrade to the latest version or report the issue to the plugin maintainer. To disable these warnings, set -Dmaven.project.sourceRoots.warningsDisabled=true on the command line, in the .mvn/maven.config file, or in project POM properties.
2026-03-13 10:53:35,109 [Worker-76: Building] WARN  o.apache.maven.project.MavenProject - Plugin is modifying compileSourceRoots through add(), which will not work in Maven 4.0.0. Use MavenProject.addCompileSourceRoot()/removeCompileSourceRoot() methods instead. If using a plugin, please upgrade to the latest version or report the issue to the plugin maintainer. To disable these warnings, set -Dmaven.project.sourceRoots.warningsDisabled=true on the command line, in the .mvn/maven.config file, or in project POM properties.
2026-03-13 10:53:35,110 [Worker-76: Building] WARN  o.apache.maven.project.MavenProject - Plugin is modifying testCompileSourceRoots through clear(), which will not work in Maven 4.0.0. Use MavenProject.addTestCompileSourceRoot()/removeTestCompileSourceRoot() methods instead. If using a plugin, please upgrade to the latest version or report the issue to the plugin maintainer. To disable these warnings, set -Dmaven.project.sourceRoots.warningsDisabled=true on the command line, in the .mvn/maven.config file, or in project POM properties.
2026-03-13 10:53:35,110 [Worker-76: Building] WARN  o.apache.maven.project.MavenProject - Plugin is modifying testCompileSourceRoots through add(), which will not work in Maven 4.0.0. Use MavenProject.addTestCompileSourceRoot()/removeTestCompileSourceRoot() methods instead. If using a plugin, please upgrade to the latest version or report the issue to the plugin maintainer. To disable these warnings, set -Dmaven.project.sourceRoots.warningsDisabled=true on the command line, in the .mvn/maven.config file, or in project POM properties.
2026-03-13 10:53:39,568 [Worker-73: Launching Executing install in C__Users_user_Documents_Juan PC guillermo SpringAngularAWS_WORKSPACES_workspaceGQL_RecetasGraphql] INFO  o.eclipse.m2e.core.internal.Bundles - getClasspathEntries(Bundle=org.eclipse.m2e.maven.runtime_3.9.1200.20260112-2306 [945])
2026-03-13 10:53:39,569 [Worker-73: Launching Executing install in C__Users_user_Documents_Juan PC guillermo SpringAngularAWS_WORKSPACES_workspaceGQL_RecetasGraphql] INFO  o.eclipse.m2e.core.internal.Bundles - 	Entry: C:\Users\user\.p2\pool\plugins\org.eclipse.m2e.maven.runtime_3.9.1200.20260112-2306
2026-03-13 10:53:39,570 [Worker-73: Launching Executing install in C__Users_user_Documents_Juan PC guillermo SpringAngularAWS_WORKSPACES_workspaceGQL_RecetasGraphql] INFO  o.eclipse.m2e.core.internal.Bundles - 	Entry: C:\Users\user\.p2\pool\plugins\org.eclipse.m2e.maven.runtime_3.9.1200.20260112-2306\jars\aopalliance-1.0.jar
2026-03-13 10:53:39,570 [Worker-73: Launching Executing install in C__Users_user_Documents_Juan PC guillermo SpringAngularAWS_WORKSPACES_workspaceGQL_RecetasGraphql] INFO  o.eclipse.m2e.core.internal.Bundles - 	Entry: C:\Users\user\.p2\pool\plugins\org.eclipse.m2e.maven.runtime_3.9.1200.20260112-2306\jars\asm-9.9.jar
2026-03-13 10:53:39,570 [Worker-73: Launching Executing install in C__Users_user_Documents_Juan PC guillermo SpringAngularAWS_WORKSPACES_workspaceGQL_RecetasGraphql] INFO  o.eclipse.m2e.core.internal.Bundles - 	Entry: C:\Users\user\.p2\pool\plugins\org.eclipse.m2e.maven.runtime_3.9.1200.20260112-2306\jars\error_prone_annotations-2.41.0.jar
2026-03-13 10:53:39,570 [Worker-73: Launching Executing install in C__Users_user_Documents_Juan PC guillermo SpringAngularAWS_WORKSPACES_workspaceGQL_RecetasGraphql] INFO  o.eclipse.m2e.core.internal.Bundles - 	Entry: C:\Users\user\.p2\pool\plugins\org.eclipse.m2e.maven.runtime_3.9.1200.20260112-2306\jars\gson-2.13.2.jar
2026-03-13 10:53:39,570 [Worker-73: Launching Executing install in C__Users_user_Documents_Juan PC guillermo SpringAngularAWS_WORKSPACES_workspaceGQL_RecetasGraphql] INFO  o.eclipse.m2e.core.internal.Bundles - 	Entry: C:\Users\user\.p2\pool\plugins\org.eclipse.m2e.maven.runtime_3.9.1200.20260112-2306\jars\guice-5.1.0-classes.jar
2026-03-13 10:53:39,570 [Worker-73: Launching Executing install in C__Users_user_Documents_Juan PC guillermo SpringAngularAWS_WORKSPACES_workspaceGQL_RecetasGraphql] INFO  o.eclipse.m2e.core.internal.Bundles - 	Entry: C:\Users\user\.p2\pool\plugins\org.eclipse.m2e.maven.runtime_3.9.1200.20260112-2306\jars\httpclient-4.5.14.jar
2026-03-13 10:53:39,570 [Worker-73: Launching Executing install in C__Users_user_Documents_Juan PC guillermo SpringAngularAWS_WORKSPACES_workspaceGQL_RecetasGraphql] INFO  o.eclipse.m2e.core.internal.Bundles - 	Entry: C:\Users\user\.p2\pool\plugins\org.eclipse.m2e.maven.runtime_3.9.1200.20260112-2306\jars\httpcore-4.4.16.jar
2026-03-13 10:53:39,570 [Worker-73: Launching Executing install in C__Users_user_Documents_Juan PC guillermo SpringAngularAWS_WORKSPACES_workspaceGQL_RecetasGraphql] INFO  o.eclipse.m2e.core.internal.Bundles - 	Entry: C:\Users\user\.p2\pool\plugins\org.eclipse.m2e.maven.runtime_3.9.1200.20260112-2306\jars\jansi-2.4.2.jar
2026-03-13 10:53:39,570 [Worker-73: Launching Executing install in C__Users_user_Documents_Juan PC guillermo SpringAngularAWS_WORKSPACES_workspaceGQL_RecetasGraphql] INFO  o.eclipse.m2e.core.internal.Bundles - 	Entry: C:\Users\user\.p2\pool\plugins\org.eclipse.m2e.maven.runtime_3.9.1200.20260112-2306\jars\jcl-over-slf4j-1.7.36.jar
2026-03-13 10:53:39,571 [Worker-73: Launching Executing install in C__Users_user_Documents_Juan PC guillermo SpringAngularAWS_WORKSPACES_workspaceGQL_RecetasGraphql] INFO  o.eclipse.m2e.core.internal.Bundles - 	Entry: C:\Users\user\.p2\pool\plugins\org.eclipse.m2e.maven.runtime_3.9.1200.20260112-2306\jars\maven-artifact-3.9.12.jar
2026-03-13 10:53:39,571 [Worker-73: Launching Executing install in C__Users_user_Documents_Juan PC guillermo SpringAngularAWS_WORKSPACES_workspaceGQL_RecetasGraphql] INFO  o.eclipse.m2e.core.internal.Bundles - 	Entry: C:\Users\user\.p2\pool\plugins\org.eclipse.m2e.maven.runtime_3.9.1200.20260112-2306\jars\maven-builder-support-3.9.12.jar
2026-03-13 10:53:39,571 [Worker-73: Launching Executing install in C__Users_user_Documents_Juan PC guillermo SpringAngularAWS_WORKSPACES_workspaceGQL_RecetasGraphql] INFO  o.eclipse.m2e.core.internal.Bundles - 	Entry: C:\Users\user\.p2\pool\plugins\org.eclipse.m2e.maven.runtime_3.9.1200.20260112-2306\jars\maven-compat-3.9.12.jar
2026-03-13 10:53:39,571 [Worker-73: Launching Executing install in C__Users_user_Documents_Juan PC guillermo SpringAngularAWS_WORKSPACES_workspaceGQL_RecetasGraphql] INFO  o.eclipse.m2e.core.internal.Bundles - 	Entry: C:\Users\user\.p2\pool\plugins\org.eclipse.m2e.maven.runtime_3.9.1200.20260112-2306\jars\maven-core-3.9.12.jar
2026-03-13 10:53:39,571 [Worker-73: Launching Executing install in C__Users_user_Documents_Juan PC guillermo SpringAngularAWS_WORKSPACES_workspaceGQL_RecetasGraphql] INFO  o.eclipse.m2e.core.internal.Bundles - 	Entry: C:\Users\user\.p2\pool\plugins\org.eclipse.m2e.maven.runtime_3.9.1200.20260112-2306\jars\maven-embedder-3.9.12.jar
2026-03-13 10:53:39,571 [Worker-73: Launching Executing install in C__Users_user_Documents_Juan PC guillermo SpringAngularAWS_WORKSPACES_workspaceGQL_RecetasGraphql] INFO  o.eclipse.m2e.core.internal.Bundles - 	Entry: C:\Users\user\.p2\pool\plugins\org.eclipse.m2e.maven.runtime_3.9.1200.20260112-2306\jars\maven-model-3.9.12.jar
2026-03-13 10:53:39,571 [Worker-73: Launching Executing install in C__Users_user_Documents_Juan PC guillermo SpringAngularAWS_WORKSPACES_workspaceGQL_RecetasGraphql] INFO  o.eclipse.m2e.core.internal.Bundles - 	Entry: C:\Users\user\.p2\pool\plugins\org.eclipse.m2e.maven.runtime_3.9.1200.20260112-2306\jars\maven-model-builder-3.9.12.jar
2026-03-13 10:53:39,571 [Worker-73: Launching Executing install in C__Users_user_Documents_Juan PC guillermo SpringAngularAWS_WORKSPACES_workspaceGQL_RecetasGraphql] INFO  o.eclipse.m2e.core.internal.Bundles - 	Entry: C:\Users\user\.p2\pool\plugins\org.eclipse.m2e.maven.runtime_3.9.1200.20260112-2306\jars\maven-plugin-api-3.9.12.jar
2026-03-13 10:53:39,571 [Worker-73: Launching Executing install in C__Users_user_Documents_Juan PC guillermo SpringAngularAWS_WORKSPACES_workspaceGQL_RecetasGraphql] INFO  o.eclipse.m2e.core.internal.Bundles - 	Entry: C:\Users\user\.p2\pool\plugins\org.eclipse.m2e.maven.runtime_3.9.1200.20260112-2306\jars\maven-repository-metadata-3.9.12.jar
2026-03-13 10:53:39,571 [Worker-73: Launching Executing install in C__Users_user_Documents_Juan PC guillermo SpringAngularAWS_WORKSPACES_workspaceGQL_RecetasGraphql] INFO  o.eclipse.m2e.core.internal.Bundles - 	Entry: C:\Users\user\.p2\pool\plugins\org.eclipse.m2e.maven.runtime_3.9.1200.20260112-2306\jars\maven-resolver-api-1.9.25.jar
2026-03-13 10:53:39,571 [Worker-73: Launching Executing install in C__Users_user_Documents_Juan PC guillermo SpringAngularAWS_WORKSPACES_workspaceGQL_RecetasGraphql] INFO  o.eclipse.m2e.core.internal.Bundles - 	Entry: C:\Users\user\.p2\pool\plugins\org.eclipse.m2e.maven.runtime_3.9.1200.20260112-2306\jars\maven-resolver-connector-basic-1.9.25.jar
2026-03-13 10:53:39,572 [Worker-73: Launching Executing install in C__Users_user_Documents_Juan PC guillermo SpringAngularAWS_WORKSPACES_workspaceGQL_RecetasGraphql] INFO  o.eclipse.m2e.core.internal.Bundles - 	Entry: C:\Users\user\.p2\pool\plugins\org.eclipse.m2e.maven.runtime_3.9.1200.20260112-2306\jars\maven-resolver-impl-1.9.25.jar
2026-03-13 10:53:39,572 [Worker-73: Launching Executing install in C__Users_user_Documents_Juan PC guillermo SpringAngularAWS_WORKSPACES_workspaceGQL_RecetasGraphql] INFO  o.eclipse.m2e.core.internal.Bundles - 	Entry: C:\Users\user\.p2\pool\plugins\org.eclipse.m2e.maven.runtime_3.9.1200.20260112-2306\jars\maven-resolver-named-locks-1.9.25.jar
2026-03-13 10:53:39,572 [Worker-73: Launching Executing install in C__Users_user_Documents_Juan PC guillermo SpringAngularAWS_WORKSPACES_workspaceGQL_RecetasGraphql] INFO  o.eclipse.m2e.core.internal.Bundles - 	Entry: C:\Users\user\.p2\pool\plugins\org.eclipse.m2e.maven.runtime_3.9.1200.20260112-2306\jars\maven-resolver-provider-3.9.12.jar
2026-03-13 10:53:39,572 [Worker-73: Launching Executing install in C__Users_user_Documents_Juan PC guillermo SpringAngularAWS_WORKSPACES_workspaceGQL_RecetasGraphql] INFO  o.eclipse.m2e.core.internal.Bundles - 	Entry: C:\Users\user\.p2\pool\plugins\org.eclipse.m2e.maven.runtime_3.9.1200.20260112-2306\jars\maven-resolver-spi-1.9.25.jar
2026-03-13 10:53:39,572 [Worker-73: Launching Executing install in C__Users_user_Documents_Juan PC guillermo SpringAngularAWS_WORKSPACES_workspaceGQL_RecetasGraphql] INFO  o.eclipse.m2e.core.internal.Bundles - 	Entry: C:\Users\user\.p2\pool\plugins\org.eclipse.m2e.maven.runtime_3.9.1200.20260112-2306\jars\maven-resolver-transport-file-1.9.25.jar
2026-03-13 10:53:39,572 [Worker-73: Launching Executing install in C__Users_user_Documents_Juan PC guillermo SpringAngularAWS_WORKSPACES_workspaceGQL_RecetasGraphql] INFO  o.eclipse.m2e.core.internal.Bundles - 	Entry: C:\Users\user\.p2\pool\plugins\org.eclipse.m2e.maven.runtime_3.9.1200.20260112-2306\jars\maven-resolver-transport-http-1.9.25.jar
2026-03-13 10:53:39,572 [Worker-73: Launching Executing install in C__Users_user_Documents_Juan PC guillermo SpringAngularAWS_WORKSPACES_workspaceGQL_RecetasGraphql] INFO  o.eclipse.m2e.core.internal.Bundles - 	Entry: C:\Users\user\.p2\pool\plugins\org.eclipse.m2e.maven.runtime_3.9.1200.20260112-2306\jars\maven-resolver-transport-wagon-1.9.25.jar
2026-03-13 10:53:39,572 [Worker-73: Launching Executing install in C__Users_user_Documents_Juan PC guillermo SpringAngularAWS_WORKSPACES_workspaceGQL_RecetasGraphql] INFO  o.eclipse.m2e.core.internal.Bundles - 	Entry: C:\Users\user\.p2\pool\plugins\org.eclipse.m2e.maven.runtime_3.9.1200.20260112-2306\jars\maven-resolver-util-1.9.25.jar
2026-03-13 10:53:39,572 [Worker-73: Launching Executing install in C__Users_user_Documents_Juan PC guillermo SpringAngularAWS_WORKSPACES_workspaceGQL_RecetasGraphql] INFO  o.eclipse.m2e.core.internal.Bundles - 	Entry: C:\Users\user\.p2\pool\plugins\org.eclipse.m2e.maven.runtime_3.9.1200.20260112-2306\jars\maven-settings-3.9.12.jar
2026-03-13 10:53:39,572 [Worker-73: Launching Executing install in C__Users_user_Documents_Juan PC guillermo SpringAngularAWS_WORKSPACES_workspaceGQL_RecetasGraphql] INFO  o.eclipse.m2e.core.internal.Bundles - 	Entry: C:\Users\user\.p2\pool\plugins\org.eclipse.m2e.maven.runtime_3.9.1200.20260112-2306\jars\maven-settings-builder-3.9.12.jar
2026-03-13 10:53:39,573 [Worker-73: Launching Executing install in C__Users_user_Documents_Juan PC guillermo SpringAngularAWS_WORKSPACES_workspaceGQL_RecetasGraphql] INFO  o.eclipse.m2e.core.internal.Bundles - 	Entry: C:\Users\user\.p2\pool\plugins\org.eclipse.m2e.maven.runtime_3.9.1200.20260112-2306\jars\maven-shared-utils-3.4.2.jar
2026-03-13 10:53:39,573 [Worker-73: Launching Executing install in C__Users_user_Documents_Juan PC guillermo SpringAngularAWS_WORKSPACES_workspaceGQL_RecetasGraphql] INFO  o.eclipse.m2e.core.internal.Bundles - 	Entry: C:\Users\user\.p2\pool\plugins\org.eclipse.m2e.maven.runtime_3.9.1200.20260112-2306\jars\org.eclipse.sisu.inject-0.9.0.M4.jar
2026-03-13 10:53:39,573 [Worker-73: Launching Executing install in C__Users_user_Documents_Juan PC guillermo SpringAngularAWS_WORKSPACES_workspaceGQL_RecetasGraphql] INFO  o.eclipse.m2e.core.internal.Bundles - 	Entry: C:\Users\user\.p2\pool\plugins\org.eclipse.m2e.maven.runtime_3.9.1200.20260112-2306\jars\org.eclipse.sisu.plexus-0.9.0.M4.jar
2026-03-13 10:53:39,573 [Worker-73: Launching Executing install in C__Users_user_Documents_Juan PC guillermo SpringAngularAWS_WORKSPACES_workspaceGQL_RecetasGraphql] INFO  o.eclipse.m2e.core.internal.Bundles - 	Entry: C:\Users\user\.p2\pool\plugins\org.eclipse.m2e.maven.runtime_3.9.1200.20260112-2306\jars\plexus-build-api-0.0.7.jar
2026-03-13 10:53:39,573 [Worker-73: Launching Executing install in C__Users_user_Documents_Juan PC guillermo SpringAngularAWS_WORKSPACES_workspaceGQL_RecetasGraphql] INFO  o.eclipse.m2e.core.internal.Bundles - 	Entry: C:\Users\user\.p2\pool\plugins\org.eclipse.m2e.maven.runtime_3.9.1200.20260112-2306\jars\plexus-build-api-1.2.0.jar
2026-03-13 10:53:39,573 [Worker-73: Launching Executing install in C__Users_user_Documents_Juan PC guillermo SpringAngularAWS_WORKSPACES_workspaceGQL_RecetasGraphql] INFO  o.eclipse.m2e.core.internal.Bundles - 	Entry: C:\Users\user\.p2\pool\plugins\org.eclipse.m2e.maven.runtime_3.9.1200.20260112-2306\jars\plexus-cipher-2.0.jar
2026-03-13 10:53:39,573 [Worker-73: Launching Executing install in C__Users_user_Documents_Juan PC guillermo SpringAngularAWS_WORKSPACES_workspaceGQL_RecetasGraphql] INFO  o.eclipse.m2e.core.internal.Bundles - 	Entry: C:\Users\user\.p2\pool\plugins\org.eclipse.m2e.maven.runtime_3.9.1200.20260112-2306\jars\plexus-classworlds-2.9.0.jar
2026-03-13 10:53:39,573 [Worker-73: Launching Executing install in C__Users_user_Documents_Juan PC guillermo SpringAngularAWS_WORKSPACES_workspaceGQL_RecetasGraphql] INFO  o.eclipse.m2e.core.internal.Bundles - 	Entry: C:\Users\user\.p2\pool\plugins\org.eclipse.m2e.maven.runtime_3.9.1200.20260112-2306\jars\plexus-component-annotations-2.2.0.jar
2026-03-13 10:53:39,574 [Worker-73: Launching Executing install in C__Users_user_Documents_Juan PC guillermo SpringAngularAWS_WORKSPACES_workspaceGQL_RecetasGraphql] INFO  o.eclipse.m2e.core.internal.Bundles - 	Entry: C:\Users\user\.p2\pool\plugins\org.eclipse.m2e.maven.runtime_3.9.1200.20260112-2306\jars\plexus-interpolation-1.29.jar
2026-03-13 10:53:39,574 [Worker-73: Launching Executing install in C__Users_user_Documents_Juan PC guillermo SpringAngularAWS_WORKSPACES_workspaceGQL_RecetasGraphql] INFO  o.eclipse.m2e.core.internal.Bundles - 	Entry: C:\Users\user\.p2\pool\plugins\org.eclipse.m2e.maven.runtime_3.9.1200.20260112-2306\jars\plexus-sec-dispatcher-2.0.jar
2026-03-13 10:53:39,574 [Worker-73: Launching Executing install in C__Users_user_Documents_Juan PC guillermo SpringAngularAWS_WORKSPACES_workspaceGQL_RecetasGraphql] INFO  o.eclipse.m2e.core.internal.Bundles - 	Entry: C:\Users\user\.p2\pool\plugins\org.eclipse.m2e.maven.runtime_3.9.1200.20260112-2306\jars\plexus-utils-3.6.0.jar
2026-03-13 10:53:39,574 [Worker-73: Launching Executing install in C__Users_user_Documents_Juan PC guillermo SpringAngularAWS_WORKSPACES_workspaceGQL_RecetasGraphql] INFO  o.eclipse.m2e.core.internal.Bundles - 	Entry: C:\Users\user\.p2\pool\plugins\org.eclipse.m2e.maven.runtime_3.9.1200.20260112-2306\jars\wagon-file-3.5.3.jar
2026-03-13 10:53:39,574 [Worker-73: Launching Executing install in C__Users_user_Documents_Juan PC guillermo SpringAngularAWS_WORKSPACES_workspaceGQL_RecetasGraphql] INFO  o.eclipse.m2e.core.internal.Bundles - 	Entry: C:\Users\user\.p2\pool\plugins\org.eclipse.m2e.maven.runtime_3.9.1200.20260112-2306\jars\wagon-http-3.5.3.jar
2026-03-13 10:53:39,575 [Worker-73: Launching Executing install in C__Users_user_Documents_Juan PC guillermo SpringAngularAWS_WORKSPACES_workspaceGQL_RecetasGraphql] INFO  o.eclipse.m2e.core.internal.Bundles - 	Entry: C:\Users\user\.p2\pool\plugins\org.eclipse.m2e.maven.runtime_3.9.1200.20260112-2306\jars\wagon-http-shared-3.5.3.jar
2026-03-13 10:53:39,575 [Worker-73: Launching Executing install in C__Users_user_Documents_Juan PC guillermo SpringAngularAWS_WORKSPACES_workspaceGQL_RecetasGraphql] INFO  o.eclipse.m2e.core.internal.Bundles - 	Entry: C:\Users\user\.p2\pool\plugins\org.eclipse.m2e.maven.runtime_3.9.1200.20260112-2306\jars\wagon-provider-api-3.5.3.jar
2026-03-13 10:53:39,575 [Worker-73: Launching Executing install in C__Users_user_Documents_Juan PC guillermo SpringAngularAWS_WORKSPACES_workspaceGQL_RecetasGraphql] INFO  o.eclipse.m2e.core.internal.Bundles - getClasspathEntries(Bundle=com.google.guava_33.5.0.jre [617])
2026-03-13 10:53:39,576 [Worker-73: Launching Executing install in C__Users_user_Documents_Juan PC guillermo SpringAngularAWS_WORKSPACES_workspaceGQL_RecetasGraphql] INFO  o.eclipse.m2e.core.internal.Bundles - 	Entry: C:\Users\user\.p2\pool\plugins\com.google.guava_33.5.0.jre.jar
2026-03-13 10:53:39,576 [Worker-73: Launching Executing install in C__Users_user_Documents_Juan PC guillermo SpringAngularAWS_WORKSPACES_workspaceGQL_RecetasGraphql] INFO  o.eclipse.m2e.core.internal.Bundles - getClasspathEntries(Bundle=slf4j.api_2.0.17 [609])
2026-03-13 10:53:39,576 [Worker-73: Launching Executing install in C__Users_user_Documents_Juan PC guillermo SpringAngularAWS_WORKSPACES_workspaceGQL_RecetasGraphql] INFO  o.eclipse.m2e.core.internal.Bundles - 	Entry: C:\Users\user\.p2\pool\plugins\slf4j.api_2.0.17.jar
2026-03-13 10:53:39,576 [Worker-73: Launching Executing install in C__Users_user_Documents_Juan PC guillermo SpringAngularAWS_WORKSPACES_workspaceGQL_RecetasGraphql] INFO  o.eclipse.m2e.core.internal.Bundles - getClasspathEntries(Bundle=jakarta.inject.jakarta.inject-api_1.0.5 [22])
2026-03-13 10:53:39,577 [Worker-73: Launching Executing install in C__Users_user_Documents_Juan PC guillermo SpringAngularAWS_WORKSPACES_workspaceGQL_RecetasGraphql] INFO  o.eclipse.m2e.core.internal.Bundles - 	Entry: C:\Users\user\.p2\pool\plugins\jakarta.inject.jakarta.inject-api_1.0.5.jar
2026-03-13 10:53:39,577 [Worker-73: Launching Executing install in C__Users_user_Documents_Juan PC guillermo SpringAngularAWS_WORKSPACES_workspaceGQL_RecetasGraphql] INFO  o.eclipse.m2e.core.internal.Bundles - getClasspathEntries(Bundle=javax.annotation_1.3.5.v20200909-1856 [552])
2026-03-13 10:53:39,577 [Worker-73: Launching Executing install in C__Users_user_Documents_Juan PC guillermo SpringAngularAWS_WORKSPACES_workspaceGQL_RecetasGraphql] INFO  o.eclipse.m2e.core.internal.Bundles - 	Entry: C:\Users\user\.p2\pool\plugins\javax.annotation_1.3.5.v20200909-1856.jar
2026-03-13 10:53:39,577 [Worker-73: Launching Executing install in C__Users_user_Documents_Juan PC guillermo SpringAngularAWS_WORKSPACES_workspaceGQL_RecetasGraphql] INFO  o.eclipse.m2e.core.internal.Bundles - getClasspathEntries(Bundle=org.apache.commons.cli_1.11.0 [725])
2026-03-13 10:53:39,577 [Worker-73: Launching Executing install in C__Users_user_Documents_Juan PC guillermo SpringAngularAWS_WORKSPACES_workspaceGQL_RecetasGraphql] INFO  o.eclipse.m2e.core.internal.Bundles - 	Entry: C:\Users\user\.p2\pool\plugins\org.apache.commons.cli_1.11.0.jar
2026-03-13 10:53:39,577 [Worker-73: Launching Executing install in C__Users_user_Documents_Juan PC guillermo SpringAngularAWS_WORKSPACES_workspaceGQL_RecetasGraphql] INFO  o.eclipse.m2e.core.internal.Bundles - getClasspathEntries(Bundle=org.apache.commons.commons-codec_1.21.0 [726])
2026-03-13 10:53:39,578 [Worker-73: Launching Executing install in C__Users_user_Documents_Juan PC guillermo SpringAngularAWS_WORKSPACES_workspaceGQL_RecetasGraphql] INFO  o.eclipse.m2e.core.internal.Bundles - 	Entry: C:\Users\user\.p2\pool\plugins\org.apache.commons.commons-codec_1.21.0.jar
2026-03-13 10:53:39,578 [Worker-73: Launching Executing install in C__Users_user_Documents_Juan PC guillermo SpringAngularAWS_WORKSPACES_workspaceGQL_RecetasGraphql] INFO  o.eclipse.m2e.core.internal.Bundles - getClasspathEntries(Bundle=com.google.guava.failureaccess_1.0.3 [618])
2026-03-13 10:53:39,578 [Worker-73: Launching Executing install in C__Users_user_Documents_Juan PC guillermo SpringAngularAWS_WORKSPACES_workspaceGQL_RecetasGraphql] INFO  o.eclipse.m2e.core.internal.Bundles - 	Entry: C:\Users\user\.p2\pool\plugins\com.google.guava.failureaccess_1.0.3.jar
2026-03-13 10:53:39,579 [Worker-73: Launching Executing install in C__Users_user_Documents_Juan PC guillermo SpringAngularAWS_WORKSPACES_workspaceGQL_RecetasGraphql] INFO  o.e.m.i.launch.MavenLaunchDelegate - Run build in "C:\Users\user\Documents\Juan PC guillermo SpringAngularAWS\WORKSPACES\workspaceGQL\RecetasGraphql":
2026-03-13 10:53:39,579 [Worker-73: Launching Executing install in C__Users_user_Documents_Juan PC guillermo SpringAngularAWS_WORKSPACES_workspaceGQL_RecetasGraphql] INFO  o.e.m.i.launch.MavenLaunchDelegate -  mvn  -B -Dstyle.color=always install
2026-03-13 10:54:28,868 [main] INFO  o.e.m.jdt.internal.UnitTestSupport - Updating RecetaIT (1) from maven configuration
